class	chrom	pos	gene	type	REF	VAR	zygosity	COSMIC	CANCER	POLY	SIFT	GenBank_ID	Exon	Nucleotide	Amino_Acid	Duplex_Freq	Duplex_P_val
clonal	chr1	2328071	PEX10	nonsynonymous_SNV	G	A	het	NA	NA	0,97	0,03	NM_153818	exon4	c.C784T	p.R262W	0,42112	<1e-­‐200
clonal	chr1	2519511	MMEL1	nonsynonymous_SNV	G	A	het	NA	NA	1	0	NM_033467	exon13	c.C1267T	p.R423C	0,40848	<1e-­‐200
clonal	chr1	6192615	RNF207	nonsynonymous_SNV	G	C	hom	NA	NA	0,53069	NA	NM_207396	exon8	c.G798C	p.Q266H	0,38229	<1e-­‐200
clonal	chr1	11078422	EXOSC10	nonsynonymous_SNV	C	G	het	NA	NA	1	0	NM_001001998	exon3	c.G352C	p.D118H	0,37939	<1e-­‐200
clonal	chr1	16075303	SPEN	nonsynonymous_SNV	C	T	het	NA	NA	0,999	0	NM_015001	exon3	c.C424T	p.R142C	0,41657	<1e-­‐200
clonal	chr1	16598446	SPATA21	nonsynonymous_SNV	C	A	het	NA	NA	0,018	0	NM_198546	exon12	c.G1332T	p.Q444H	0,43517	<1e-­‐200
clonal	chr1	16598475	SPATA21	nonsynonymous_SNV	C	G	het	NA	NA	0,125	0	NM_198546	exon12	c.G1303C	p.D435H	0,43522	<1e-­‐200
clonal	chr1	17291585	PADI2	nonsynonymous_SNV	C	T	het	NA	NA	1	0,03	NM_007365	exon6	c.G560A	p.R187Q	0,39636	<1e-­‐200
clonal	chr1	28162615	XKR8	nonsynonymous_SNV	A	G	het	NA	NA	0,972	0,14	NM_018053	exon2	c.A314G	p.Q105R	0,28029	<1e-­‐200
clonal	chr1	32276060	KHDRBS1	nonsynonymous_SNV	C	T	het	NA	NA	0,854	0,01	NM_006559	exon6	c.C943T	p.R315C	0,41865	<1e-­‐200
clonal	chr1	41820217	HIVEP3	nonsynonymous_SNV	C	G	het	NA	NA	0,84	0,24	NM_024503	exon4	c.G2839C	p.A947P	0,38082	<1e-­‐200
clonal	chr1	46548435	UQCRH	nonsynonymous_SNV	G	C	het	NA	NA	0,948	0,1	NM_006004	exon3	c.G103C	p.E35Q	0,40425	<1e-­‐200
clonal	chr1	47277018	CYP4X1	nonsynonymous_SNV	C	T	het	NA	NA	0,986	0,72	NM_178033	exon7	c.C875T	p.S292F	0,41276	<1e-­‐200
clonal	chr1	65117387	JAK1	nonsynonymous_SNV	G	T	het	NA	JAK1	0,98	0	NM_002227	exon4	c.C238A	p.L80M	0,38986	<1e-­‐200
clonal	chr1	74782223	TNNI3K	nonsynonymous_SNV	G	A	het	NA	NA	0,004	0	NM_015978	exon25	c.G2477A	p.R826Q	0,40678	<1e-­‐200
clonal	chr1	94281482	ABCA4	stopgain_SNV	G	T	het	NA	NA	0,735507	0	NM_000350	exon21	c.C3188A	p.S1063X	0,40169	<1e-­‐200
clonal	chr1	94427038	ARHGAP29	stopgain_SNV	C	A	het	NA	NA	0,735237	NA	NM_004815	exon15	c.G1624T	p.E542X	0,40108	<1e-­‐200
clonal	chr1	94774258	F3	nonsynonymous_SNV	T	A	het	NA	NA	0,995	0	NM_001993	exon3	c.A263T	p.E88V	0,29513	<1e-­‐200
clonal	chr1	108093153	VAV3	nonsynonymous_SNV	C	A	het	NA	NA	0,895	0,01	NM_006113	exon15	c.G1462T	p.D488Y	0,40527	<1e-­‐200
clonal	chr1	111018302	KCNA3	nonsynonymous_SNV	C	T	hom	NA	NA	0,999	0	NM_002232	exon1	c.G653A	p.R218H	0,40929	<1e-­‐200
clonal	chr1	113438839	LRIG2	nonsynonymous_SNV	C	T	het	NA	NA	1	0,01	NM_014813	exon6	c.C742T	p.R248W	0,40801	<1e-­‐200
clonal	chr1	120261858	NOTCH2	nonsynonymous_SNV	G	C	het	NA	NOTCH2	0,003	1	NM_024408	exon33	c.C5980G	p.L1994V	0,41876	<1e-­‐200
clonal	chr1	148750893	ECM1	nonsynonymous_SNV	T	C	het	NA	NA	1	0	NM_004425	exon7	c.T1045C	p.C349R	0,29236	<1e-­‐200
clonal	chr1	150549566	FLG	stopgain_SNV	G	A	het	NA	FLG	0,524509	0,27	NM_002016	exon3	c.C4420T	p.R1474X	0,26826	<1e-­‐200
clonal	chr1	152464249	UBAP2L	nonsynonymous_SNV	G	A	het	NA	NA	0,706009	0,05	NM_014847	exon2	c.G26A	p.R9Q	0,30484	<1e-­‐200
clonal	chr1	153490533	FAM189B	nonsynonymous_SNV	G	A	het	NA	NA	0,958	0,08	NM_001267608	exon2	c.C302T	p.A101V	0,29551	<1e-­‐200
clonal	chr1	154302398	RAB25	nonsynonymous_SNV	A	G	het	NA	NA	0,991	0,01	NM_020387	exon2	c.A116G	p.H39R	0,25453	<1e-­‐200
clonal	chr1	154883415	BCAN	nonsynonymous_SNV	G	A	het	NA	NA	1	0,14	NM_021948	exon3	c.G290A	p.R97H	0,24002	<1e-­‐200
clonal	chr1	155112580	NTRK1	nonsynonymous_SNV	G	A	het	NA	NTRK1	1	0	NM_001012331	exon12	c.G1568A	p.C523Y	0,26477	<1e-­‐200
clonal	chr1	156702186	OR10K1	nonsynonymous_SNV	A	T	het	NA	NA	0,021	0,01	NM_001004473	exon1	c.A211T	p.I71F	0,29929	<1e-­‐200
clonal	chr1	158360390	ATP1A2	nonsynonymous_SNV	A	G	het	NA	NA	0	0,35	NM_000702	exon5	c.A415G	p.I139V	0,26026	<1e-­‐200
clonal	chr1	159078069	CD244	nonsynonymous_SNV	C	A	het	NA	NA	0,999	0	NM_001166663	exon2	c.G308T	p.G103V	0,2912	<1e-­‐200
clonal	chr1	164306443	FAM78B	nonsynonymous_SNV	C	T	het	NA	NA	0,195	0,24	NM_001017961	exon2	c.G445A	p.A149T	0,31471	<1e-­‐200
clonal	chr1	166073164	ADCY10	nonsynonymous_SNV	G	C	het	NA	NA	0,01	0	NM_001167749	exon19	c.C2565G	p.I855M	0,27064	<1e-­‐200
clonal	chr1	176690275	RASAL2	nonsynonymous_SNV	C	T	het	NA	NA	0,917	0	NM_170692	exon12	c.C2080T	p.R694C	0,28981	<1e-­‐200
clonal	chr1	177330762	TOR3A	nonsynonymous_SNV	A	C	het	NA	NA	0,983	0,05	NM_022371	exon6	c.A980C	p.N327T	0,26617	<1e-­‐200
clonal	chr1	181361193	LAMC1	nonsynonymous_SNV	A	T	het	NA	NA	0,072	0,11	NM_002293	exon15	c.A2686T	p.S896C	0,29687	<1e-­‐200
clonal	chr1	181367117	LAMC1	nonsynonymous_SNV	G	A	het	NA	NA	0,96	0	NM_002293	exon20	c.G3547A	p.A1183T	0,26982	<1e-­‐200
clonal	chr1	184621833	C1orf27	nonsynonymous_SNV	C	T	het	NA	NA	NA	0	NM_001164245	exon4	c.C325T	p.R109C	0,40325	<1e-­‐200
clonal	chr1	195339795	ASPM	nonsynonymous_SNV	C	A	hom	NA	NA	0,39539	0,63	NM_018136	exon18	c.G5209T	p.A1737S	0,39381	<1e-­‐200
clonal	chr1	199552431	PKP1	nonsynonymous_SNV	G	A	het	NA	NA	0,157	0,26	NM_000299	exon4	c.G829A	p.E277K	0,40381	<1e-­‐200
clonal	chr1	200570774	UBE2T	nonsynonymous_SNV	C	A	het	NA	NA	0,999	0	NM_014176	exon3	c.G145T	p.G49C	0,42742	<1e-­‐200
clonal	chr1	220867688	MIA3	nonsynonymous_SNV	A	C	het	NA	NA	0,013	0,04	NM_198551	exon4	c.A503C	p.N168T	0,29186	<1e-­‐200
clonal	chr1	224628639	PARP1	nonsynonymous_SNV	T	C	het	NA	NA	0,021	0,24	NM_001618	exon14	c.A1981G	p.T661A	0,40388	<1e-­‐200
clonal	chr1	226534177	OBSCN	nonsynonymous_SNV	C	T	het	NA	NA	NA	0,52	NM_001271223	exon33	c.C8716T	p.P2906S	0,40607	<1e-­‐200
clonal	chr1	231007954	MAP10	nonsynonymous_SNV	G	A	het	NA	NA	NA	NA	NM_019090	exon1	c.G562A	p.E188K	0,35156	<1e-­‐200
clonal	chr1	235068488	MTR	nonsynonymous_SNV	C	A	het	NA	NA	0,977	0	NM_000254	exon15	c.C1481A	p.A494D	0,40901	<1e-­‐200
clonal	chr1	242594629	C1orf100	nonsynonymous_SNV	A	G	het	NA	NA	0,002	0,17	NM_001276349	exon2	c.A4G	p.T2A	0,20326	<1e-­‐200
clonal	chr10	45276747	MARCH10	nonsynonymous_SNV	G	A	hom	NA	NA	0,789104	0	NM_001002266	exon5	c.C361T	p.R121C	0,72766	<1e-­‐200
clonal	chr10	89682884	PTEN	stopgain_SNV	C	T	hom	p.?	PTEN	0,735283	0	NM_000314	exon5	c.C388T	p.R130X	NA	NA
clonal	chr10	101629721	DNMBP	nonsynonymous_SNV	G	A	hom	NA	NA	0,517	0,01	NM_015221	exon16	c.C4385T	p.T1462M	0,70271	<1e-­‐200
clonal	chr10	102756544	LZTS2	nonsynonymous_SNV	G	A	hom	NA	NA	0	0,55	NM_032429	exon5	c.G1639A	p.A547T	0,70564	<1e-­‐200
clonal	chr10	104171537	FBXL15	nonsynonymous_SNV	G	T	hom	NA	NA	0,005	0,13	NM_024326	exon3	c.G211T	p.G71C	0,72151	<1e-­‐200
clonal	chr11	610362	CDHR5	nonsynonymous_SNV	C	T	hom	NA	NA	0,995	0,01	NM_031264	exon8	c.G814A	p.G272R	0,71305	<1e-­‐200
clonal	chr11	4630409	OR51E1	nonsynonymous_SNV	C	A	het	NA	NA	0,006	0,21	NM_152430	exon2	c.C77A	p.A26D	0,40873	<1e-­‐200
clonal	chr11	5657577	TRIM5	nonsynonymous_SNV	C	T	het	NA	NA	0	1	NM_033092	exon2	c.G407A	p.R136Q	0,40034	<1e-­‐200
clonal	chr11	6218198	CNGA4	nonsynonymous_SNV	G	A	het	NA	NA	0	0,88	NM_001037329	exon4	c.G598A	p.A200T	0,39489	<1e-­‐200
clonal	chr11	6369679	SMPD1	nonsynonymous_SNV	G	A	het	NA	NA	0,325	0,44	NM_001007593	exon2	c.G805A	p.G269S	0,4005	<1e-­‐200
clonal	chr11	6618636	DCHS1	nonsynonymous_SNV	G	T	hom	NA	NA	0,932	0	NM_003737	exon2	c.C785A	p.A262D	0,40223	<1e-­‐200
clonal	chr11	16833062	PLEKHA7	nonsynonymous_SNV	G	A	het	NA	NA	0,997	0	NM_175058	exon6	c.C472T	p.R158W	0,40655	<1e-­‐200
clonal	chr11	18274921	HPS5	nonsynonymous_SNV	C	A	het	NA	NA	0,063	0,01	NM_181508	exon11	c.G1168T	p.D390Y	0,40675	<1e-­‐200
clonal	chr11	19034291	MRGPRX2	nonsynonymous_SNV	G	T	het	NA	NA	0,576	0,09	NM_054030	exon2	c.C235A	p.L79I	0,38815	<1e-­‐200
clonal	chr11	20604884	SLC6A5	stopgain_SNV	C	T	hom	NA	NA	0,735443	0	NM_004211	exon8	c.C1315T	p.R439X	0,40764	<1e-­‐200
clonal	chr11	27346241	LGR4	nonsynonymous_SNV	G	T	het	NA	NA	0,009	NA	NM_018490	exon18	c.C2605A	p.P869T	0,41104	<1e-­‐200
clonal	chr11	60459416	TMEM132A	nonsynonymous_SNV	G	C	het	NA	NA	0,778	0,04	NM_017870	exon10	c.G1956C	p.L652F	0,3831	<1e-­‐200
clonal	chr11	63276693	RTN3	nonsynonymous_SNV	G	T	hom	NA	NA	0,991	0	NM_201429	exon4	c.G546T	p.K182N	0,41486	<1e-­‐200
clonal	chr11	63877439	CCDC88B	nonsynonymous_SNV	G	T	het	NA	NA	0,999	0,01	NM_032251	exon22	c.G3728T	p.R1243L	0,4062	<1e-­‐200
clonal	chr11	64323677	MAP4K2	nonsynonymous_SNV	C	T	het	NA	NA	0,651	0,47	NM_004579	exon13	c.G970A	p.E324K	0,42111	<1e-­‐200
clonal	chr11	64421889	ATG2A	nonsynonymous_SNV	G	C	hom	NA	NA	0,995	0	NM_015104	exon35	c.C4992G	p.F1664L	0,3932	<1e-­‐200
clonal	chr11	74224338	RNF169	nonsynonymous_SNV	C	T	het	NA	NA	1	NA	NM_001098638	exon6	c.C1042T	p.R348C	0,39986	<1e-­‐200
clonal	chr11	77609101	GAB2	nonsynonymous_SNV	G	A	het	NA	NA	0,999	0,09	NM_012296	exon9	c.C1685T	p.T562M	0,40203	<1e-­‐200
clonal	chr11	85024457	TMEM126B	nonsynonymous_SNV	C	T	het	NA	NA	0,181	0,1	NM_001256547	exon3	c.C358T	p.R120C	0,38255	<1e-­‐200
clonal	chr11	85134422	SYTL2	nonsynonymous_SNV	A	G	het	NA	NA	0,535141	0	NM_032943	exon4	c.T295C	p.W99R	0,27907	<1e-­‐200
clonal	chr11	93443313	HEPHL1	nonsynonymous_SNV	G	T	het	NA	NA	NA	NA	NM_001098672	exon6	c.G1189T	p.G397C	0,40246	<1e-­‐200
clonal	chr11	117489271	TMPRSS4	nonsynonymous_SNV	C	T	het	NA	NA	0,339	0,14	NM_001173551	exon9	c.C815T	p.A272V	0,41665	<1e-­‐200
clonal	chr11	118686295	MCAM	nonsynonymous_SNV	C	T	het	NA	NA	0,985	0,04	NM_006500	exon15	c.G1885A	p.G629S	0,42349	<1e-­‐200
clonal	chr11	129498879	APLP2	nonsynonymous_SNV	C	T	het	NA	NA	0	0,26	NM_001642	exon7	c.C1085T	p.A362V	0,41852	<1e-­‐200
clonal	chr12	2800705	ITFG2	stopgain_SNV	C	T	hom	NA	NA	0,731979	0,03	NM_018463	exon7	c.C712T	p.R238X	0,71944	<1e-­‐200
clonal	chr12	6517077	GAPDH	nonsynonymous_SNV	G	A	het	NA	NA	0,004	0	NM_001256799	exon7	c.G466A	p.D156N	0,7511	<1e-­‐200
clonal	chr12	21978035	ABCC9	nonsynonymous_SNV	C	T	hom	NA	NA	0	0,23	NM_020297	exon2	c.G232A	p.A78T	0,69637	<1e-­‐200
clonal	chr12	26275160	SSPN	nonsynonymous_SNV	G	A	hom	NA	NA	0,001	0,06	NM_001135823	exon3	c.G307A	p.G103S	0,70258	<1e-­‐200
clonal	chr12	48237548	KCNH3	nonsynonymous_SNV	G	A	het	NA	NA	0,979	0,06	NM_012284	exon15	c.G2797A	p.G933R	0,70499	<1e-­‐200
clonal	chr12	56509608	CTDSP2	nonsynonymous_SNV	G	A	hom	NA	NA	0,407	0,03	NM_005730	exon2	c.C103T	p.R35C	0,70522	<1e-­‐200
clonal	chr12	69235341	PTPRB	nonsynonymous_SNV	G	C	hom	NA	NA	NA	0	NM_001206971	exon17	c.C4085G	p.P1362R	0,75247	<1e-­‐200
clonal	chr12	73887787	KCNC2	nonsynonymous_SNV	C	T	hom	NA	NA	0,094	0	NM_139137	exon2	c.G244A	p.A82T	0,70032	<1e-­‐200
clonal	chr12	84723782	RASSF9	nonsynonymous_SNV	C	T	het	NA	NA	NA	0,3	NM_005447	exon2	c.G137A	p.R46H	0,6975	<1e-­‐200
clonal	chr12	108162034	ACACB	nonsynonymous_SNV	A	G	het	NA	NA	1	0	NM_001093	exon34	c.A4679G	p.Y1560C	0,33321	<1e-­‐200
clonal	chr12	113603240	TBX3	nonsynonymous_SNV	G	C	hom	NA	TBX3	1	0	NM_005996	exon2	c.C484G	p.R162G	0,70632	<1e-­‐200
clonal	chr13	20063784	IFT88	nonsynonymous_SNV	G	A	het	NA	NA	0,339	0,03	NM_175605	exon8	c.G319A	p.V107M	0,70883	<1e-­‐200
clonal	chr13	34570436	NBEA	nonsynonymous_SNV	C	A	hom	NA	NA	NA	0,03	NM_015678	exon11	c.C1574A	p.A525D	0,69472	<1e-­‐200
clonal	chr14	20560132	NDRG2	nonsynonymous_SNV	G	C	het	NA	NA	0,911	0,01	NM_016250	exon5	c.C231G	p.I77M	0,4118	<1e-­‐200
clonal	chr14	23779739	TINF2	nonsynonymous_SNV	G	C	het	NA	NA	0,867	0	NM_012461	exon6	c.C787G	p.L263V	0,40644	<1e-­‐200
clonal	chr14	23969936	KHNYN	nonsynonymous_SNV	C	A	het	NA	NA	0,813	0	NM_015299	exon2	c.C160A	p.L54M	0,41843	<1e-­‐200
clonal	chr14	44786089	MIS18BP1	nonsynonymous_SNV	A	C	het	NA	NA	0,516	0	NM_018353	exon2	c.T151G	p.S51A	0,403	<1e-­‐200
clonal	chr14	49962402	MAP4K5	nonsynonymous_SNV	C	T	het	NA	MAP4K5	NA	NA	NM_006575	exon30	c.G2370A	p.M790I	0,41563	<1e-­‐200
clonal	chr14	51544388	NID2	nonsynonymous_SNV	G	A	het	NA	NA	0,154	0,02	NM_007361	exon19	c.C3770T	p.T1257M	0,38812	<1e-­‐200
clonal	chr14	51804602	PTGDR	nonsynonymous_SNV	C	T	hom	NA	NA	0,06	0,5	NM_000953	exon1	c.C320T	p.A107V	0,42578	<1e-­‐200
clonal	chr14	51804908	PTGDR	nonsynonymous_SNV	T	G	het	NA	NA	0,992	0	NM_000953	exon1	c.T626G	p.L209R	0,40211	<1e-­‐200
clonal	chr14	63592541	SYNE2	stopgain_SNV	G	T	het	NA	NA	0,731057	0,04	NM_015180	exon49	c.G9871T	p.E3291X	0,3972	<1e-­‐200
clonal	chr14	67261676	RDH12	nonsynonymous_SNV	C	A	het	NA	NA	0,984	0	NM_152443	exon5	c.C295A	p.L99I	0,39906	<1e-­‐200
clonal	chr14	68598931	DCAF5	stopgain_SNV	G	A	het	NA	NA	0,735527	NA	NM_003861	exon8	c.C997T	p.R333X	0,41208	<1e-­‐200
clonal	chr14	73481325	FAM161B	nonsynonymous_SNV	G	A	het	NA	NA	0,999	0	NM_152445	exon3	c.C580T	p.R194C	0,40107	<1e-­‐200
clonal	chr14	74349110	YLPM1	stopgain_SNV	C	T	het	NA	NA	NA	0,01	NM_019589	exon11	c.C5374T	p.R1792X	0,4234	<1e-­‐200
clonal	chr14	104240585	INF2	nonsynonymous_SNV	G	A	het	NA	NA	0,993	0,26	NM_032714	exon3	c.G490A	p.A164T	0,43061	<1e-­‐200
clonal	chr14	104487468	AHNAK2	nonsynonymous_SNV	C	T	het	NA	NA	NA	NA	NM_138420	exon7	c.G5365A	p.V1789M	0,40964	1.10E-­‐145
clonal	chr15	20507559	CYFIP1	nonsynonymous_SNV	G	T	het	NA	NA	NA	NA	NM_001033028	exon1	c.G62T	p.R21M	0,38431	<1e-­‐200
clonal	chr15	29610300	OTUD7A	nonsynonymous_SNV	C	T	het	NA	NA	0,996	0,08	NM_130901	exon4	c.G554A	p.R185H	0,38416	<1e-­‐200
clonal	chr15	39828307	MGA	nonsynonymous_SNV	T	C	het	NA	NA	NA	NA	NM_001164273	exon16	c.T5393C	p.M1798T	0,24386	<1e-­‐200
clonal	chr15	40372284	GANC	nonsynonymous_SNV	T	C	het	NA	NA	0,181	0,2	NM_198141	exon5	c.T389C	p.L130P	0,38361	<1e-­‐200
clonal	chr15	43227468	DUOX1	nonsynonymous_SNV	G	A	het	NA	NA	0,998	0	NM_017434	exon21	c.G2623A	p.E875K	0,37281	<1e-­‐200
clonal	chr15	50323890	MYO5C	nonsynonymous_SNV	G	A	het	NA	NA	0,009	0,08	NM_018728	exon19	c.C2345T	p.A782V	0,25537	<1e-­‐200
clonal	chr15	50837217	ONECUT1	nonsynonymous_SNV	G	A	het	NA	NA	1	0,04	NM_004498	exon2	c.C1225T	p.R409C	0,37814	<1e-­‐200
clonal	chr15	56093487	ALDH1A2	nonsynonymous_SNV	G	A	het	NA	NA	0,066	0,09	NM_003888	exon3	c.C224T	p.A75V	0,3853	<1e-­‐200
clonal	chr15	75212794	PEAK1	nonsynonymous_SNV	G	T	het	NA	NA	0,109	NA	NM_024776	exon7	c.C3685A	p.P1229T	0,39182	<1e-­‐200
clonal	chr15	81526634	BTBD1	nonsynonymous_SNV	C	T	het	NA	NA	0,006	0	NM_025238	exon1	c.G274A	p.A92T	0,3831	<1e-­‐200
clonal	chr15	83204028	ALPK3	nonsynonymous_SNV	C	T	hom	NA	NA	0,995	0,01	NM_020778	exon8	c.C4589T	p.P1530L	0,39759	<1e-­‐200
clonal	chr15	87254065	MFGE8	nonsynonymous_SNV	G	A	het	NA	NA	0,102	0,01	NM_001114614	exon2	c.C167T	p.T56M	0,39643	<1e-­‐200
clonal	chr16	673561	JMJD8	nonsynonymous_SNV	G	C	het	NA	NA	NA	0,52	NM_001005920	exon5	c.C424G	p.H142D	0,41583	<1e-­‐200
clonal	chr16	18963792	TMC7	nonsynonymous_SNV	G	C	het	NA	NA	0	0,28	NM_001160364	exon10	c.G1093C	p.D365H	0,3989	<1e-­‐200
clonal	chr16	22988255	USP31	nonsynonymous_SNV	C	A	het	NA	NA	0,017	0,02	NM_020718	exon16	c.G2672T	p.S891I	0,39589	<1e-­‐200
clonal	chr16	30685336	RNF40	nonsynonymous_SNV	C	G	het	NA	NA	0,469	0,1	NM_014771	exon10	c.C1249G	p.L417V	0,43987	<1e-­‐200
clonal	chr16	30687138	RNF40	nonsynonymous_SNV	T	G	het	NA	NA	0	0,53	NM_014771	exon13	c.T1765G	p.F589V	0,39916	<1e-­‐200
clonal	chr16	30920365	STX1B	nonsynonymous_SNV	C	G	het	NA	NA	0,003	0,03	NM_052874	exon2	c.G91C	p.E31Q	0,36708	<1e-­‐200
clonal	chr16	30997235	ZNF646	nonsynonymous_SNV	C	T	het	NA	NA	0,002	0,05	NM_014699	exon2	c.C2089T	p.R697W	0,39481	<1e-­‐200
clonal	chr16	45518404	GPT2	nonsynonymous_SNV	G	A	het	NA	NA	0,901	0	NM_001142466	exon11	c.G1135A	p.V379M	0,41801	<1e-­‐200
clonal	chr16	70273285	PHLPP2	nonsynonymous_SNV	C	T	het	NA	NA	0,334	0,15	NM_015020	exon5	c.G760A	p.V254M	0,41635	<1e-­‐200
clonal	chr16	70727901	PMFBP1	stopgain_SNV	C	A	het	NA	NA	0,733742	0,19	NM_001160213	exon10	c.G715T	p.E239X	0,41799	<1e-­‐200
clonal	chr16	71385329	ZFHX3	nonsynonymous_SNV	G	A	het	NA	NA	0,733165	NA	NM_006885	exon9	c.C8753T	p.S2918L	0,40923	<1e-­‐200
clonal	chr17	9487152	WDR16	nonsynonymous_SNV	G	A	hom	NA	NA	0,003	0,17	NM_145054	exon14	c.G1775A	p.R592H	0,71719	<1e-­‐200
clonal	chr17	24209737	ERAL1	nonsynonymous_SNV	G	C	hom	NA	NA	0	0,29	NM_005702	exon7	c.G729C	p.Q243H	0,71823	<1e-­‐200
clonal	chr17	30522532	UNC45B	nonsynonymous_SNV	A	G	hom	NA	NA	0	0,93	NM_173167	exon13	c.A1774G	p.I592V	0,70451	<1e-­‐200
clonal	chr17	35601217	RAPGEFL1	nonsynonymous_SNV	G	C	hom	NA	NA	0,137	0,44	NM_016339	exon9	c.G841C	p.E281Q	0,73276	<1e-­‐200
clonal	chr17	35602742	RAPGEFL1	nonsynonymous_SNV	G	A	het	NA	NA	0,988	0,05	NM_016339	exon13	c.G1165A	p.D389N	0,71304	<1e-­‐200
clonal	chr17	37946586	NAGLU	nonsynonymous_SNV	C	A	hom	NA	NA	0,954	0,01	NM_000263	exon5	c.C857A	p.P286H	0,69441	<1e-­‐200
clonal	chr17	37958485	HSD17B1	nonsynonymous_SNV	G	A	het	NA	NA	0,144	0,11	NM_000413	exon1	c.G8A	p.R3H	0,69942	<1e-­‐200
clonal	chr17	39831558	GPATCH8	nonsynonymous_SNV	G	C	hom	NA	NA	0,96	0	NM_001002909	exon8	c.C3413G	p.S1138C	0,69852	<1e-­‐200
clonal	chr17	39991905	FZD2	nonsynonymous_SNV	C	G	hom	NA	NA	0,972	0	NM_001466	exon1	c.C1323G	p.I441M	0,6519	<1e-­‐200
clonal	chr17	40569950	ACBD4	nonsynonymous_SNV	C	A	het	NA	NA	0,024	0,14	NM_001135705	exon5	c.C333A	p.D111E	0,70269	<1e-­‐200
clonal	chr17	41604261	KANSL1	nonsynonymous_SNV	G	T	het	NA	NA	0,96	0,05	NM_015443	exon2	c.C1026A	p.S342R	0,38672	<1e-­‐200
clonal	chr17	45958316	MYCBPAP	stopgain_SNV	G	T	hom	NA	NA	0,457141	0,47	NM_032133	exon14	c.G1987T	p.E663X	0,69729	<1e-­‐200
clonal	chr17	58156148	41343	nonsynonymous_SNV	G	C	hom	NA	NA	0,993	0,01	NM_001100875	exon7	c.C1987G	p.Q663E	0,70719	<1e-­‐200
clonal	chr17	64519767	ABCA9	nonsynonymous_SNV	G	A	hom	NA	NA	0	0,6	NM_080283	exon23	c.C3092T	p.P1031L	0,70592	<1e-­‐200
clonal	chr17	64733081	ABCA10	nonsynonymous_SNV	G	A	hom	NA	NA	0,303	0,02	NM_080282	exon4	c.C14T	p.A5V	0,7002	<1e-­‐200
clonal	chr17	70371954	FDXR	nonsynonymous_SNV	G	T	het	NA	NA	0,005	0,31	NM_024417	exon9	c.C913A	p.L305I	0,72335	<1e-­‐200
clonal	chr17	71317492	UNK	nonsynonymous_SNV	C	T	hom	NA	NA	NA	0,01	NM_001080419	exon2	c.C161T	p.T54M	0,73251	<1e-­‐200
clonal	chr18	7016032	LAMA1	nonsynonymous_SNV	C	A	het	NA	NA	1	0	NM_005559	exon17	c.G2348T	p.G783V	0,34193	<1e-­‐200
clonal	chr18	14753916	ANKRD30B	nonsynonymous_SNV	C	T	het	NA	NA	NA	0	NM_001145029	exon7	c.C1052T	p.S351L	0,42998	<1e-­‐200
clonal	chr18	16849409	ROCK1	nonsynonymous_SNV	A	G	hom	NA	NA	0,093	0,87	NM_005406	exon13	c.T1391C	p.M464T	0,45303	<1e-­‐200
clonal	chr18	18835571	RBBP8	nonsynonymous_SNV	G	T	het	NA	NA	0,515	0	NM_203291	exon15	c.G2168T	p.S723I	0,3377	<1e-­‐200
clonal	chr18	27162190	DSG1	nonsynonymous_SNV	G	A	het	NA	NA	0,705	0,07	NM_001942	exon4	c.G257A	p.R86H	0,34315	<1e-­‐200
clonal	chr18	28226897	GAREM	nonsynonymous_SNV	T	C	hom	NA	NA	0,992	0,02	NM_001242409	exon2	c.A221G	p.Y74C	0,34806	<1e-­‐200
clonal	chr18	31087599	ZSCAN30	nonsynonymous_SNV	C	G	het	NA	NA	0,982	0	NM_001112734	exon4	c.G1298C	p.R433T	0,34179	<1e-­‐200
clonal	chr18	40535737	SETBP1	nonsynonymous_SNV	G	A	het	NA	SETBP1	0,977	0,03	NM_015559	exon2	c.G428A	p.R143H	0,35515	<1e-­‐200
clonal	chr18	41925675	ATP5A1	nonsynonymous_SNV	C	G	het	NA	NA	0,998	0	NM_004046	exon3	c.G280C	p.E94Q	0,3551	<1e-­‐200
clonal	chr18	42281616	RNF165	nonsynonymous_SNV	T	G	het	NA	NA	0,979	0	NM_152470	exon4	c.T578G	p.M193R	0,44748	<1e-­‐200
clonal	chr18	46700897	ME2	stopgain_SNV	C	T	het	NA	NA	0,732648	0,1	NM_001168335	exon8	c.C808T	p.R270X	0,45966	<1e-­‐200
clonal	chr18	54398096	ALPK2	nonsynonymous_SNV	G	T	het	NA	NA	0,73	0	NM_052947	exon4	c.C892A	p.Q298K	0,45611	<1e-­‐200
clonal	chr18	58392876	ZCCHC2	nonsynonymous_SNV	C	A	het	NA	NA	NA	0	NM_017742	exon13	c.C2582A	p.P861H	0,35258	<1e-­‐200
clonal	chr18	65417661	DOK6	nonsynonymous_SNV	C	T	het	NA	NA	0,997	0,08	NM_152721	exon3	c.C236T	p.A79V	0,45031	<1e-­‐200
clonal	chr19	7490909	ZNF358	nonsynonymous_SNV	C	T	het	NA	NA	0,999	NA	NM_018083	exon2	c.C781T	p.R261W	0,16535	5.75E-­‐81
clonal	chr19	7881988	MAP2K7	nonsynonymous_SNV	C	T	het	NA	NA	0,732288	NA	NM_145185	exon7	c.C799T	p.R267C	0,13518	<1e-­‐200
clonal	chr19	8521159	MYO1F	nonsynonymous_SNV	C	T	het	NA	NA	0,685	0,03	NM_012335	exon10	c.G986A	p.R329H	0,14101	<1e-­‐200
clonal	chr19	8703036	OR2Z1	nonsynonymous_SNV	A	T	het	NA	NA	0,157	0,44	NM_001004699	exon1	c.A646T	p.T216S	0,12485	<1e-­‐200
clonal	chr19	9438374	ZNF560	nonsynonymous_SNV	C	T	het	NA	NA	0,973	0,14	NM_152476	exon10	c.G2249A	p.R750H	0,1158	<1e-­‐200
clonal	chr19	9938394	COL5A3	nonsynonymous_SNV	C	T	het	NA	NA	0,559458	0,07	NM_015719	exon63	c.G4487A	p.R1496H	0,09077	<1e-­‐200
clonal	chr19	10266236	ICAM5	nonsynonymous_SNV	G	C	het	NA	NA	0,996	0,13	NM_003259	exon9	c.G2150C	p.R717P	0,13479	<1e-­‐200
clonal	chr19	10885628	CARM1	nonsynonymous_SNV	G	A	het	NA	NA	0,244	0,05	NM_199141	exon6	c.G745A	p.E249K	0,29256	<1e-­‐200
clonal	chr19	11336241	LPPR2	nonsynonymous_SNV	C	T	het	NA	NA	NA	NA	NM_001170635	exon10	c.C1159T	p.R387W,	0,2813	<1e-­‐200
clonal	chr19	14368264	CD97	nonsynonymous_SNV	G	C	het	NA	NA	0,389	0,45	NM_001025160	exon5	c.G457C	p.E153Q	0,25363	<1e-­‐200
clonal	chr19	15146135	NOTCH3	nonsynonymous_SNV	C	T	het	NA	NA	0,993	0,5	NM_000435	exon25	c.G4480A	p.G1494S	0,37788	<1e-­‐200
clonal	chr19	16200705	AP1M1	nonsynonymous_SNV	A	C	het	NA	NA	0	0,07	NM_001130524	exon10	c.A1049C	p.N350T	0,39545	<1e-­‐200
clonal	chr19	17602499	UNC13A	nonsynonymous_SNV	G	C	het	NA	NA	NA	0,25	NM_001080421	exon28	c.C3489G	p.F1163L	0,40954	<1e-­‐200
clonal	chr19	17602544	UNC13A	nonsynonymous_SNV	G	T	het	NA	NA	NA	0,08	NM_001080421	exon28	c.C3444A	p.F1148L	0,41163	<1e-­‐200
clonal	chr19	17756592	FCHO1	nonsynonymous_SNV	G	T	het	NA	NA	0,838	0,13	NM_001161359	exon24	c.G2135T	p.G712V	0,40859	<1e-­‐200
clonal	chr19	19169055	RFXANK	nonsynonymous_SNV	G	A	het	NA	NA	0,002	0,28	NM_003721	exon5	c.G332A	p.R111Q	0,41428	<1e-­‐200
clonal	chr19	19515768	CILP2	nonsynonymous_SNV	C	T	hom	NA	NA	0,992	0,02	NM_153221	exon8	c.C1414T	p.R472W	0,41269	<1e-­‐200
clonal	chr19	19652056	ZNF101	nonsynonymous_SNV	C	T	het	NA	NA	0,328	0	NM_033204	exon4	c.C1258T	p.R420C	0,4266	<1e-­‐200
clonal	chr19	21283977	ZNF708	nonsynonymous_SNV	G	T	het	NA	NA	0,001	0,01	NM_021269	exon3	c.C137A	p.A46D	0,42946	<1e-­‐200
clonal	chr19	39379395	LSM14A	nonsynonymous_SNV	C	T	het	NA	NA	0,984	0,03	NM_001114093	exon3	c.C302T	p.S101L	0,35626	<1e-­‐200
clonal	chr19	44658851	SUPT5H	nonsynonymous_SNV	G	A	hom	NA	NA	0,003	0,38	NM_003169	exon29	c.G3236A	p.R1079H	0,41134	<1e-­‐200
clonal	chr19	45012991	DYRK1B	nonsynonymous_SNV	G	A	het	NA	NA	0,09	0,07	NM_006483	exon4	c.C236T	p.S79L	0,38578	<1e-­‐200
clonal	chr19	46580637	TMEM91	nonsynonymous_SNV	G	T	het	NA	NA	0,75195	0	NM_001098822	exon3	c.G331T	p.G111C	0,41237	<1e-­‐200
clonal	chr19	47238591	GRIK5	nonsynonymous_SNV	C	T	het	NA	NA	0,977	0,47	NM_002088	exon11	c.G1426A	p.E476K	0,42081	<1e-­‐200
clonal	chr19	48915628	IRGC	nonsynonymous_SNV	G	A	het	NA	NA	0,475	0,57	NM_019612	exon2	c.G1078A	p.A360T	0,40009	<1e-­‐200
clonal	chr19	50866405	GIPR	nonsynonymous_SNV	C	G	het	NA	NA	0,987	0,01	NM_000164	exon4	c.C195G	p.F65L	0,39752	<1e-­‐200
clonal	chr19	50896961	QPCTL	nonsynonymous_SNV	G	A	het	NA	NA	0,95	0,08	NM_017659	exon6	c.G952A	p.G318R	0,42297	<1e-­‐200
clonal	chr19	51080282	IRF2BP1	nonsynonymous_SNV	C	G	het	NA	NA	0,945	0,64	NM_015649	exon1	c.G591C	p.E197D	0,40355	<1e-­‐200
clonal	chr19	51109392	NANOS2	nonsynonymous_SNV	G	A	het	NA	NA	0,999	0	NM_001029861	exon1	c.C400T	p.R134C	0,41206	<1e-­‐200
clonal	chr19	51135931	NOVA2	nonsynonymous_SNV	G	A	het	NA	NA	0,72055	0,01	NM_002516	exon4	c.C509T	p.P170L	0,30448	<1e-­‐200
clonal	chr19	53915913	RASIP1	nonsynonymous_SNV	A	G	het	NA	NA	0,945	0,01	NM_017805	exon12	c.T2846C	p.L949P	0,42058	<1e-­‐200
clonal	chr19	54790164	PRR12	nonsynonymous_SNV	G	A	het	NA	NA	NA	NA	NM_020719	exon4	c.G760A	p.A254T	0,39737	<1e-­‐200
clonal	chr19	56218192	KLK11	nonsynonymous_SNV	T	C	het	NA	NA	0,001	1	NM_001136032	exon5	c.A568G	p.S190G	0,38344	<1e-­‐200
clonal	chr19	57018973	FPR3	nonsynonymous_SNV	C	T	het	NA	NA	0,999	0	NM_002030	exon2	c.C160T	p.R54W	0,41395	<1e-­‐200
clonal	chr19	57211304	ZNF614	nonsynonymous_SNV	T	G	het	NA	NA	0,985	0,01	NM_025040	exon5	c.A1359C	p.K453N	0,41809	<1e-­‐200
clonal	chr19	59018954	NLRP12	nonsynonymous_SNV	C	A	het	NA	NA	0,813	0,01	NM_144687	exon1	c.G287T	p.R96M	0,39621	<1e-­‐200
clonal	chr19	59317118	PRPF31	nonsynonymous_SNV	G	T	het	NA	NA	0,003	0,84	NM_015629	exon4	c.G306T	p.E102D	0,40315	<1e-­‐200
clonal	chr19	60848088	ZNF581	nonsynonymous_SNV	G	T	het	NA	NA	0,968	0,01	NM_016535	exon2	c.G339T	p.K113N	0,39587	<1e-­‐200
clonal	chr19	61176972	NLRP8	nonsynonymous_SNV	C	T	het	NA	NA	0,999	0,58	NM_176811	exon7	c.C2677T	p.H893Y	0,38269	<1e-­‐200
clonal	chr19	62456657	ZNF805	nonsynonymous_SNV	C	T	het	NA	NA	NA	NA	NM_001023563	exon4	c.C658T	p.R220W	0,4223	<1e-­‐200
clonal	chr19	62659243	VN1R1	nonsynonymous_SNV	G	A	het	NA	NA	0,314	0	NM_020633	exon1	c.C424T	p.L142F	0,4101	<1e-­‐200
clonal	chr2	1656476	PXDN	nonsynonymous_SNV	C	T	hom	NA	NA	NA	NA	NM_012293	exon9	c.G964A	p.V322M	0,70233	<1e-­‐200
clonal	chr2	20701786	HS1BP3	nonsynonymous_SNV	C	T	hom	NA	NA	0	0,08	NM_022460	exon4	c.G514A	p.E172K	0,6886	<1e-­‐200
clonal	chr2	21083142	APOB	nonsynonymous_SNV	G	T	hom	NA	NA	0,774	0,08	NM_000384	exon26	c.C10103A	p.S3368Y	0,67577	<1e-­‐200
clonal	chr2	25835940	ASXL2	nonsynonymous_SNV	G	A	hom	NA	NA	NA	0	NM_018263	exon8	c.C854T	p.A285V	0,70846	<1e-­‐200
clonal	chr2	36974562	STRN	nonsynonymous_SNV	C	T	hom	NA	NA	0,061	0,08	NM_003162	exon7	c.G914A	p.G305D	0,7087	<1e-­‐200
clonal	chr2	69027045	GKN2	nonsynonymous_SNV	G	C	het	NA	NA	0,143	0,43	NM_182536	exon5	c.C367G	p.L123V	0,4092	<1e-­‐200
clonal	chr2	70771463	ADD2	nonsynonymous_SNV	C	T	het	NA	NA	0,996	0,02	NM_001185054	exon8	c.G812A	p.R271Q	0,42082	<1e-­‐200
clonal	chr2	73320350	CCT7	nonsynonymous_SNV	C	G	het	NA	NA	NA	0	NM_006429	exon2	c.C78G	p.I26M	0,41948	<1e-­‐200
clonal	chr2	85719846	USP39	stopgain_SNV	G	T	het	NA	NA	0,642067	0,25	NM_006590	exon9	c.G1105T	p.E369X	0,41605	<1e-­‐200
clonal	chr2	86535747	KDM3A	nonsynonymous_SNV	C	T	hom	NA	NA	0	0,04	NM_001146688	exon5	c.C482T	p.T161M	0,40287	<1e-­‐200
clonal	chr2	173590428	RAPGEF4	nonsynonymous_SNV	C	T	hom	NA	NA	0,023	0,03	NM_007023	exon21	c.C1958T	p.T653M	0,71326	<1e-­‐200
clonal	chr2	216669107	TMEM169	nonsynonymous_SNV	A	C	hom	NA	NA	0,052	1	NM_001142311	exon2	c.A176C	p.N59T	0,5169	<1e-­‐200
clonal	chr2	219592021	CCDC108	nonsynonymous_SNV	C	A	hom	NA	NA	0,499	0,02	NM_194302	exon21	c.G3598T	p.D1200Y	0,71086	<1e-­‐200
clonal	chr2	220140752	OBSL1	nonsynonymous_SNV	C	T	hom	NA	NA	NA	0,33	NM_001173431	exon3	c.G1466A	p.R489Q	0,70817	<1e-­‐200
clonal	chr2	233838329	ATG16L1	nonsynonymous_SNV	C	A	hom	NA	NA	0,839	0,06	NM_017974	exon5	c.C442A	p.L148M	0,70046	<1e-­‐200
clonal	chr2	234191331	UGT1A8	nonsynonymous_SNV	C	T	hom	NA	NA	0,465889	0,04	NM_019076	exon1	c.C239T	p.S80L	0,70387	<1e-­‐200
clonal	chr2	241811823	ANO7	nonsynonymous_SNV	T	C	het	NA	NA	0,936	0,01	NM_001001891	exon23	c.T2648C	p.V883A	0,3013	<1e-­‐200
clonal	chr20	533252	TCF15	stopgain_SNV	G	A	het	NA	NA	0,698278	0,02	NM_004609	exon2	c.C583T	p.R195X	0,43507	<1e-­‐200
clonal	chr20	18401543	POLR3F	nonsynonymous_SNV	C	G	het	NA	NA	0,883	0,7	NM_006466	exon3	c.C238G	p.Q80E	0,41137	<1e-­‐200
clonal	chr20	18474646	SEC23B	nonsynonymous_SNV	G	T	het	NA	NA	0,547	0	NM_032986	exon15	c.G1712T	p.R571M	0,39311	<1e-­‐200
clonal	chr20	21269457	XRN2	nonsynonymous_SNV	A	T	het	NA	NA	0	0,21	NM_012255	exon15	c.A1377T	p.Q459H	0,40497	<1e-­‐200
clonal	chr20	25441537	NINL	nonsynonymous_SNV	G	A	het	NA	NA	0,793	0,28	NM_025176	exon4	c.C383T	p.P128L	0,42115	<1e-­‐200
clonal	chr20	33485174	GDF5	nonsynonymous_SNV	C	T	het	NA	NA	0,964	0	NM_000557	exon2	c.G1453A	p.V485M	0,39544	<1e-­‐200
clonal	chr20	33605568	ERGIC3	nonsynonymous_SNV	G	C	het	NA	NA	0,14	0,47	NM_198398	exon8	c.G697C	p.E233Q	0,41303	<1e-­‐200
clonal	chr20	39479388	CHD6	nonsynonymous_SNV	T	C	hom	NA	CHD6	0,998	0,02	NM_032221	exon32	c.A6143G	p.Y2048C	0,3971	<1e-­‐200
clonal	chr20	42998735	PABPC1L	nonsynonymous_SNV	C	T	het	NA	NA	0,957	0	NM_001124756	exon12	c.C1595T	p.T532I	0,28344	<1e-­‐200
clonal	chr20	44071925	MMP9	nonsynonymous_SNV	G	A	het	NA	NA	0,999	0,01	NM_004994	exon2	c.G152A	p.R51H	0,41225	<1e-­‐200
clonal	chr20	47023228	ARFGEF2	nonsynonymous_SNV	G	T	het	NA	NA	0,999	0,01	NM_006420	exon12	c.G1665T	p.Q555H	0,40183	<1e-­‐200
clonal	chr20	47167864	STAU1	nonsynonymous_SNV	C	T	het	NA	NA	0,937	0	NM_017452	exon10	c.G1123A	p.A375T	0,40362	<1e-­‐200
clonal	chr20	47689689	B4GALT5	nonsynonymous_SNV	G	A	het	NA	NA	0,004	0,01	NM_004776	exon7	c.C850T	p.R284W	0,41163	<1e-­‐200
clonal	chr20	54492648	RTFDC1	nonsynonymous_SNV	A	G	het	NA	NA	1	0,02	NM_016407	exon5	c.A473G	p.H158R	0,41545	<1e-­‐200
clonal	chr20	61045457	GID8	nonsynonymous_SNV	G	A	het	NA	NA	0,025	0,01	NM_017896	exon4	c.G481A	p.G161R	0,42324	<1e-­‐200
clonal	chr21	16118298	USP25	stopgain_SNV	G	T	het	NA	NA	0,73544	0	NM_013396	exon11	c.G1150T	p.G384X	0,39938	<1e-­‐200
clonal	chr21	32950958	SYNJ1	nonsynonymous_SNV	C	G	het	NA	NA	0,695	0,19	NM_003895	exon21	c.G2822C	p.S941T	0,40958	<1e-­‐200
clonal	chr21	45188081	FAM207A	nonsynonymous_SNV	G	A	het	NA	NA	0,303	0,26	NM_058190	exon2	c.G184A	p.A62T	0,42068	<1e-­‐200
clonal	chr21	45725138	COL18A1	stopgain_SNV	G	T	het	NA	NA	0,73525	NA	NM_030582	exon12	c.G2089T	p.G697X	0,46401	<1e-­‐200
clonal	chr21	46633149	PCNT	nonsynonymous_SNV	G	A	het	NA	NA	0,009	0,15	NM_006031	exon18	c.G3529A	p.V1177I	0,43639	<1e-­‐200
clonal	chr22	29220865	SEC14L4	nonsynonymous_SNV	C	A	hom	NA	NA	0	0,16	NM_001161368	exon6	c.G507T	p.E169D	0,71862	<1e-­‐200
clonal	chr22	30339356	SFI1	nonsynonymous_SNV	T	C	het	NA	NA	0,956	0,01	NM_014775	exon25	c.T2489C	p.L830P	0,65939	<1e-­‐200
clonal	chr22	40425560	MEI1	nonsynonymous_SNV	C	G	hom	NA	NA	NA	0	NM_152513	exon1	c.C72G	p.F24L	0,6989	<1e-­‐200
clonal	chr22	49248702	SBF1	nonsynonymous_SNV	A	G	het	NA	NA	0,973	0	NM_002972	exon16	c.T1775C	p.L592P	0,48164	<1e-­‐200
clonal	chr3	8784432	OXTR	nonsynonymous_SNV	G	C	hom	NA	NA	0,154	0,06	NM_000916	exon3	c.C442G	p.L148V	0,69547	<1e-­‐200
clonal	chr3	12832927	CAND2	nonsynonymous_SNV	C	T	hom	NA	NA	0,012	0,02	NM_001162499	exon10	c.C1496T	p.A499V	0,72053	<1e-­‐200
clonal	chr3	14132989	CHCHD4	nonsynonymous_SNV	T	C	het	NA	NA	0,999	0,03	NM_001098502	exon2	c.A59G	p.H20R	0,48684	<1e-­‐200
clonal	chr3	15090730	ZFYVE20	nonsynonymous_SNV	C	T	hom	NA	NA	0	0,12	NM_022340	exon14	c.G1918A	p.A640T	0,71029	<1e-­‐200
clonal	chr3	36871718	TRANK1	nonsynonymous_SNV	C	T	hom	NA	NA	NA	NA	NM_014831	exon12	c.G4367A	p.R1456Q	0,71455	<1e-­‐200
clonal	chr3	37318704	GOLGA4	nonsynonymous_SNV	C	T	hom	NA	NA	1	0	NM_001172713	exon11	c.C1177T	p.R393C	0,7128	<1e-­‐200
clonal	chr3	43097878	GTDC2	nonsynonymous_SNV	G	A	hom	NA	NA	0,230748	1	NM_032806	exon2	c.C50T	p.A17V	0,6859	<1e-­‐200
clonal	chr3	44645796	ZNF197	nonsynonymous_SNV	G	A	hom	NA	NA	0,994	0,12	NM_001024855	exon2	c.G146A	p.R49H	0,69379	<1e-­‐200
clonal	chr3	47687162	SMARCC1	nonsynonymous_SNV	A	G	hom	NA	NA	0,979	0	NM_003074	exon19	c.T1889C	p.L630P	0,69746	<1e-­‐200
clonal	chr3	49026456	WDR6	nonsynonymous_SNV	G	A	hom	NA	NA	0	0,15	NM_018031	exon2	c.G2575A	p.A859T	0,71477	<1e-­‐200
clonal	chr3	49731034	AMIGO3	nonsynonymous_SNV	G	A	hom	NA	NA	0	0	NM_198722	exon1	c.C869T	p.A290V	0,74463	<1e-­‐200
clonal	chr3	52255794	PPM1M	nonsynonymous_SNV	G	A	het	NA	NA	NA	NA	NM_144641	exon2	c.G268A	p.A90T	0,49528	<1e-­‐200
clonal	chr3	57503535	DNAH12	nonsynonymous_SNV	G	T	hom	NA	NA	0,41	0	NM_178504	exon2	c.C103A	p.P35T	0,69942	<1e-­‐200
clonal	chr3	67136526	KBTBD8	nonsynonymous_SNV	C	A	hom	NA	NA	0,981	0,07	NM_032505	exon3	c.C445A	p.P149T	0,71249	<1e-­‐200
clonal	chr3	99555803	OR5K4	nonsynonymous_SNV	C	T	het	NA	NA	0,746	0,06	NM_001005517	exon1	c.C416T	p.T139M	0,40612	<1e-­‐200
clonal	chr3	114196750	GTPBP8	nonsynonymous_SNV	G	T	het	NA	NA	0,069	0,21	NM_014170	exon3	c.G514T	p.A172S	0,40454	<1e-­‐200
clonal	chr3	123486184	CASR	nonsynonymous_SNV	G	A	het	NA	NA	0,996	0,02	NM_000388	exon7	c.G2693A	p.R898Q	0,40193	<1e-­‐200
clonal	chr3	123942620	HSPBAP1	nonsynonymous_SNV	C	T	het	NA	NA	0,484	0,03	NM_024610	exon7	c.G856A	p.A286T	0,40121	<1e-­‐200
clonal	chr3	150248538	HLTF	nonsynonymous_SNV	C	T	het	NA	NA	1	0,06	NM_139048	exon17	c.G1859A	p.R620H	0,41045	<1e-­‐200
clonal	chr3	150406814	CP	nonsynonymous_SNV	C	T	het	NA	NA	0,13	0	NM_000096	exon6	c.G1039A	p.G347S	0,40893	<1e-­‐200
clonal	chr3	150951196	COMMD2	nonsynonymous_SNV	G	T	het	NA	NA	0,27	0,26	NM_016094	exon4	c.C361A	p.L121I	0,39713	<1e-­‐200
clonal	chr3	171633033	CLDN11	stopgain_SNV	G	A	het	NA	NA	0,735205	0	NM_005602	exon3	c.G419A	p.W140X	0,41718	<1e-­‐200
clonal	chr3	185583815	CHRD	nonsynonymous_SNV	G	T	het	NA	NA	0,983	0,01	NM_003741	exon11	c.G1235T	p.G412V	0,42459	<1e-­‐200
clonal	chr3	194522288	ATP13A5	nonsynonymous_SNV	C	A	het	NA	NA	0,999	0,01	NM_198505	exon16	c.G1791T	p.Q597H	0,41563	<1e-­‐200
clonal	chr4	13210648	BOD1L1	nonsynonymous_SNV	C	A	hom	NA	NA	0,995	0	NM_148894	exon10	c.G6974T	p.S2325I	0,69318	<1e-­‐200
clonal	chr4	38474861	TLR1	nonsynonymous_SNV	C	A	hom	NA	NA	0	0,01	NM_003263	exon4	c.G1987T	p.G663C	0,7133	<1e-­‐200
clonal	chr4	40135366	RBM47	nonsynonymous_SNV	C	T	hom	NA	NA	1	0	NM_019027	exon3	c.G302A	p.R101H	0,73035	<1e-­‐200
clonal	chr4	100751353	MTTP	nonsynonymous_SNV	G	T	hom	NA	NA	0,972	0,11	NM_000253	exon14	c.G1800T	p.M600I	0,50475	<1e-­‐200
clonal	chr4	146205190	ANAPC10	nonsynonymous_SNV	T	C	het	NA	NA	0,001	0,02	NM_001256710	exon4	c.A311G	p.N104S	0,31268	<1e-­‐200
clonal	chr4	155939572	RBM46	nonsynonymous_SNV	C	A	hom	NA	NA	0,001	1	NM_001277171	exon4	c.C808A	p.L270I	0,70301	<1e-­‐200
clonal	chr5	74716245	COL4A3BP	nonsynonymous_SNV	A	G	het	NA	NA	0,084	0,07	NM_001130105	exon15	c.T1850C	p.I617T	0,33416	<1e-­‐200
clonal	chr5	75616853	SV2C	nonsynonymous_SNV	G	A	het	NA	NA	0,999	0	NM_014979	exon5	c.G1024A	p.E342K	0,33786	<1e-­‐200
clonal	chr5	75990240	IQGAP2	nonsynonymous_SNV	A	C	hom	NA	NA	0,98	0	NM_006633	exon21	c.A2521C	p.T841P	0,44755	<1e-­‐200
clonal	chr5	95252703	ELL2	nonsynonymous_SNV	G	A	het	NA	NA	0,97	0	NM_012081	exon10	c.C1621T	p.R541C	0,46217	<1e-­‐200
clonal	chr5	132260575	AFF4	nonsynonymous_SNV	G	A	het	NA	AFF4	0,99	0,07	NM_014423	exon11	c.C1646T	p.S549F	0,35534	<1e-­‐200
clonal	chr5	133589413	PPP2CA	stopgain_SNV	C	T	het	NA	NA	0,637435	0,18	NM_002715	exon1	c.G39A	p.W13X	0,35829	<1e-­‐200
clonal	chr5	137654301	CDC25C	nonsynonymous_SNV	G	C	het	NA	NA	0,858	0,03	NM_001790	exon9	c.C790G	p.L264V	0,45254	<1e-­‐200
clonal	chr5	140037163	HARS	nonsynonymous_SNV	C	G	het	NA	NA	0,978	0	NM_002109	exon8	c.G756C	p.E252D	0,43662	<1e-­‐200
clonal	chr5	140053999	HARS2	nonsynonymous_SNV	G	C	het	NA	NA	0,982	0	NM_012208	exon4	c.G349C	p.D117H	0,35367	<1e-­‐200
clonal	chr5	170251989	RANBP17	nonsynonymous_SNV	G	A	het	NA	RANBP17	0,016	0,01	NM_022897	exon4	c.G277A	p.V93M	0,33083	<1e-­‐200
clonal	chr5	175726119	ARL10	nonsynonymous_SNV	G	A	het	NA	NA	0,932	0,34	NM_173664	exon2	c.G314A	p.G105D	0,32765	<1e-­‐200
clonal	chr5	175890340	RNF44	nonsynonymous_SNV	C	T	het	NA	NA	0,999	0	NM_014901	exon6	c.G650A	p.R217Q	0,33113	<1e-­‐200
clonal	chr5	176569760	NSD1	nonsynonymous_SNV	C	T	het	NA	NSD1	0,125	0	NM_022455	exon5	c.C1754T	p.S585L	0,46999	<1e-­‐200
clonal	chr5	178071778	ZNF354A	nonsynonymous_SNV	C	G	hom	NA	NA	0,012	0	NM_005649	exon5	c.G1707C	p.Q569H	0,34177	<1e-­‐200
clonal	chr5	178346173	GRM6	nonsynonymous_SNV	C	A	het	NA	NA	0,913	0,05	NM_000843	exon8	c.G1688T	p.R563M	0,4588	<1e-­‐200
clonal	chr6	12271775	HIVEP1	nonsynonymous_SNV	C	T	het	NA	NA	0,999	0	NM_002114	exon9	c.C7252T	p.P2418S	0,81838	<1e-­‐200
clonal	chr6	15641462	DTNBP1	nonsynonymous_SNV	C	T	hom	NA	NA	0	0,56	NM_032122	exon8	c.G655A	p.A219T	0,83267	<1e-­‐200
clonal	chr6	25834670	HIST1H2AA	nonsynonymous_SNV	G	A	het	NA	NA	0,568576	0	NM_170745	exon1	c.C65T	p.A22V	0,83583	<1e-­‐200
clonal	chr6	26025038	SLC17A2	stopgain_SNV	G	A	hom	NA	NA	0,732755	0,54	NM_005835	exon8	c.C784T	p.R262X	0,82745	<1e-­‐200
clonal	chr6	34134825	GRM4	nonsynonymous_SNV	A	C	het	NA	NA	0,967	0	NM_001256811	exon5	c.T931G	p.S311A	0,41147	<1e-­‐200
clonal	chr6	35575885	TULP1	nonsynonymous_SNV	C	T	het	NA	NA	0,542	0,01	NM_003322	exon14	c.G1346A	p.R449H	0,41545	<1e-­‐200
clonal	chr6	36036645	SLC26A8	nonsynonymous_SNV	G	C	het	NA	NA	0,995	0,01	NM_052961	exon14	c.C1591G	p.Q531E	0,41309	<1e-­‐200
clonal	chr6	36821201	CPNE5	nonsynonymous_SNV	G	A	het	NA	NA	0,964	0	NM_020939	exon17	c.C1270T	p.R424C	0,39983	<1e-­‐200
clonal	chr6	43120536	CUL7	nonsynonymous_SNV	G	A	het	NA	NA	0,937	0	NM_014780	exon16	c.C3104T	p.A1035V	0,41286	<1e-­‐200
clonal	chr6	43221105	PTK7	nonsynonymous_SNV	G	A	het	NA	NA	0,993	0	NM_152880	exon15	c.G2477A	p.R826Q	0,42423	<1e-­‐200
clonal	chr6	43275813	CUL9	nonsynonymous_SNV	G	C	het	NA	NA	0,334	0	NM_015089	exon14	c.G3325C	p.E1109Q	0,397	<1e-­‐200
clonal	chr6	43301484	DNPH1	nonsynonymous_SNV	C	A	hom	NA	NA	0,119	0,03	NM_006443	exon4	c.G490T	p.G164W	0,41974	<1e-­‐200
clonal	chr6	64998533	EYS	nonsynonymous_SNV	C	T	het	NA	NA	NA	NA	NM_001142800	exon31	c.G6302A	p.G2101D	0,39925	<1e-­‐200
clonal	chr6	76387994	SENP6	nonsynonymous_SNV	G	A	hom	NA	NA	0,98	0	NM_015571	exon2	c.G79A	p.D27N	0,40302	<1e-­‐200
clonal	chr6	107497407	BEND3	nonsynonymous_SNV	G	A	het	NA	NA	0,993	0	NM_001080450	exon5	c.C1681T	p.R561C	0,41667	<1e-­‐200
clonal	chr6	132037967	ENPP3	stopgain_SNV	G	T	het	NA	NA	0,7355	0	NM_005021	exon9	c.G817T	p.G273X	0,39955	<1e-­‐200
clonal	chr6	144123239	PHACTR2	nonsynonymous_SNV	G	A	het	NA	NA	NA	0,43	NM_001100164	exon5	c.G463A	p.E155K	0,41046	<1e-­‐200
clonal	chr6	144128533	PHACTR2	nonsynonymous_SNV	A	C	het	NA	NA	0,891	0,03	NM_001100165	exon5	c.A897C	p.L299F	0,39337	<1e-­‐200
clonal	chr6	147676753	STXBP5	nonsynonymous_SNV	G	A	het	NA	NA	0,991	0	NM_001127715	exon12	c.G1186A	p.E396K	0,38365	<1e-­‐200
clonal	chr6	158839724	TULP4	nonsynonymous_SNV	C	T	het	NA	NA	0,1	0	NM_001007466	exon12	c.C1906T	p.R636W	0,42218	<1e-­‐200
clonal	chr6	161389811	MAP3K4	nonsynonymous_SNV	T	G	het	NA	MAP3K4	0,956	0,05	NM_006724	exon3	c.T517G	p.S173A	0,39555	<1e-­‐200
clonal	chr7	2533030	LFNG	nonsynonymous_SNV	G	A	het	NA	NA	0,82	0,32	NM_001040167	exon7	c.G1022A	p.R341Q	0,39065	<1e-­‐200
clonal	chr7	6527600	GRID2IP	nonsynonymous_SNV	C	T	het	NA	NA	NA	NA	NM_001145118	exon6	c.G1069A	p.V357I	0,40467	<1e-­‐200
clonal	chr7	23775286	STK31	nonsynonymous_SNV	C	A	het	NA	NA	0,102	0,01	NM_001260504	exon12	c.C1495A	p.R499S	0,41223	<1e-­‐200
clonal	chr7	26860281	SKAP2	nonsynonymous_SNV	C	A	het	NA	NA	0,266	0,08	NM_003930	exon3	c.G199T	p.G67C	0,41581	<1e-­‐200
clonal	chr7	30623372	GARS	nonsynonymous_SNV	G	A	het	NA	NA	0,982	NA	NM_002047	exon10	c.G1312A	p.A438T	0,40009	<1e-­‐200
clonal	chr7	36363325	KIAA0895	nonsynonymous_SNV	C	A	het	NA	NA	0,995	0	NM_001100425	exon3	c.G578T	p.G193V	0,42153	<1e-­‐200
clonal	chr7	36432161	ANLN	nonsynonymous_SNV	C	A	het	NA	NA	0,02	0,32	NM_018685	exon19	c.C2761A	p.H921N	0,43857	<1e-­‐200
clonal	chr7	65741614	KCTD7	nonsynonymous_SNV	G	A	het	NA	NA	0,999	0,02	NM_001167961	exon4	c.G830A	p.C277Y	0,40271	<1e-­‐200
clonal	chr7	77645317	MAGI2	nonsynonymous_SNV	T	C	het	NA	NA	0,981	0,27	NM_012301	exon14	c.A2350G	p.M784V	0,30425	<1e-­‐200
clonal	chr7	82421586	PCLO	nonsynonymous_SNV	T	C	het	NA	NA	NA	NA	NM_033026	exon5	c.A6619G	p.T2207A	0,39201	<1e-­‐200
clonal	chr7	86816354	CROT	stopgain_SNV	C	T	het	NA	NA	0,723334	0,05	NM_021151	exon3	c.C34T	p.R12X	0,38109	<1e-­‐200
clonal	chr7	91528612	AKAP9	nonsynonymous_SNV	C	T	het	NA	AKAP9	0,999	0	NM_147185	exon23	c.C5704T	p.R1902C	0,40649	<1e-­‐200
clonal	chr7	92568606	SAMD9	nonsynonymous_SNV	G	T	het	NA	NA	0,885	0,15	NM_001193307	exon2	c.C4741A	p.P1581T	0,39647	<1e-­‐200
clonal	chr7	92601510	SAMD9L	nonsynonymous_SNV	G	T	hom	NA	NA	0,115	0,21	NM_152703	exon5	c.C1711A	p.L571I	0,40467	<1e-­‐200
clonal	chr7	94131775	PEG10	nonsynonymous_SNV	C	T	het	NA	NA	NA	NA	NM_001172438	exon2	c.C1199T	p.P400L	0,40769	<1e-­‐200
clonal	chr7	99656145	PVRIG	nonsynonymous_SNV	C	G	het	NA	NA	0,036	0	NM_024070	exon4	c.C509G	p.A170G	0,40428	<1e-­‐200
clonal	chr7	100011846	LRCH4	nonsynonymous_SNV	C	T	het	NA	NA	0,178	0,29	NM_002319	exon15	c.G1589A	p.R530Q	0,41397	<1e-­‐200
clonal	chr7	100114009	GNB2	nonsynonymous_SNV	G	A	het	NA	NA	0,548	0,05	NM_005273	exon9	c.G752A	p.R251H	0,4319	<1e-­‐200
clonal	chr7	107402741	LAMB1	nonsynonymous_SNV	T	C	het	NA	NA	0,002	0,18	NM_002291	exon12	c.A1408G	p.N470D	0,43769	<1e-­‐200
clonal	chr7	115676528	TES	nonsynonymous_SNV	A	G	het	NA	NA	0,996	0	NM_015641	exon3	c.A332G	p.Y111C	0,29123	<1e-­‐200
clonal	chr7	139438201	JHDM1D	nonsynonymous_SNV	G	T	het	NA	NA	0	NA	NM_030647	exon19	c.C2603A	p.A868E	0,40348	<1e-­‐200
clonal	chr7	148802977	ZNF746	nonsynonymous_SNV	C	T	het	NA	NA	0,200683	0,5	NM_001163474	exon7	c.G1369A	p.A457T	0,37975	<1e-­‐200
clonal	chr8	2034136	MYOM2	nonsynonymous_SNV	G	A	hom	NA	NA	0,308	0,22	NM_003970	exon19	c.G2356A	p.A786T	0,41264	<1e-­‐200
clonal	chr8	2041541	MYOM2	nonsynonymous_SNV	C	A	het	NA	NA	0,442	0,06	NM_003970	exon22	c.C2837A	p.S946Y	0,41622	<1e-­‐200
clonal	chr8	6668581	XKR5	nonsynonymous_SNV	C	T	het	NA	NA	NA	0,16	NM_207411	exon4	c.G509A	p.G170D	0,42676	<1e-­‐200
clonal	chr8	9036390	PPP1R3B	nonsynonymous_SNV	T	C	het	NA	NA	0,951	0	NM_001201329	exon2	c.A182G	p.K61R	0,41056	<1e-­‐200
clonal	chr8	19725666	INTS10	nonsynonymous_SNV	G	A	het	NA	NA	0,001	0,4	NM_018142	exon7	c.G667A	p.A223T	0,40578	<1e-­‐200
clonal	chr8	22062341	LGI3	stopgain_SNV	C	T	het	NA	NA	0,735256	0,18	NM_139278	exon8	c.G924A	p.W308X	0,39126	<1e-­‐200
clonal	chr8	23162822	CHMP7	nonsynonymous_SNV	G	A	het	NA	NA	0,023	0,29	NM_152272	exon3	c.G454A	p.A152T	0,41081	<1e-­‐200
clonal	chr8	57292508	CHCHD7	nonsynonymous_SNV	G	A	het	NA	NA	0,782852	0	NM_024300	exon5	c.G254A	p.R85K	0,39719	<1e-­‐200
clonal	chr8	79792267	ZC2HC1A	nonsynonymous_SNV	G	A	het	NA	NA	0,952	0,03	NM_016010	exon9	c.G962A	p.R321Q	0,38607	<1e-­‐200
clonal	chr8	124409611	ATAD2	stopgain_SNV	C	A	hom	NA	NA	0,560775	0,34	NM_014109	exon25	c.G3868T	p.E1290X	0,41124	<1e-­‐200
clonal	chr8	124762662	ANXA13	stoploss_SNV	C	G	het	NA	NA	0,414153	0,86	NM_004306	exon11	c.G950C	p.X317S	0,40665	<1e-­‐200
clonal	chr8	145062769	PLEC	nonsynonymous_SNV	G	A	het	NA	NA	0,995	0,03	NM_201383	exon32	c.C13220T	p.P4407L	0,43109	<1e-­‐200
clonal	chr9	21156083	IFNA21	nonsynonymous_SNV	A	T	het	NA	NA	0,001	0,01	NM_002175	exon1	c.T529A	p.L177I	0,27216	<1e-­‐200
clonal	chr9	34253146	KIF24	nonsynonymous_SNV	C	A	het	NA	NA	NA	0	NM_194313	exon9	c.G1468T	p.D490Y	0,50769	<1e-­‐200
clonal	chr9	37512840	FBXO10	nonsynonymous_SNV	C	G	hom	NA	NA	NA	0,02	NM_012166	exon7	c.G1912C	p.E638Q	0,28489	<1e-­‐200
clonal	chr9	87823044	NAA35	nonsynonymous_SNV	G	C	hom	NA	NA	0,999	0	NM_024635	exon20	c.G1828C	p.D610H	0,23351	<1e-­‐200
clonal	chr9	88114667	ZCCHC6	nonsynonymous_SNV	G	C	het	NA	NA	0,754	0	NM_024617	exon19	c.C3464G	p.T1155R	0,5078	<1e-­‐200
clonal	chr9	94317017	CENPP	nonsynonymous_SNV	C	G	het	NA	NA	0,455	0	NM_001393	exon4	c.G771C	p.E257D	0,50125	<1e-­‐200
clonal	chr9	105904216	SMC2	nonsynonymous_SNV	A	G	het	NA	NA	0,056	0,27	NM_006444	exon8	c.A791G	p.Q264R	0,49425	<1e-­‐200
clonal	chr9	106633800	ABCA1	stopgain_SNV	C	A	het	NA	NA	0,731396	0,61	NM_005502	exon13	c.G1639T	p.E547X	0,24391	<1e-­‐200
clonal	chr9	115851289	ZNF618	nonsynonymous_SNV	C	T	hom	NA	NA	NA	0,65	NM_133374	exon14	c.C1607T	p.A536V	0,25335	<1e-­‐200
clonal	chr9	118500654	TRIM32	nonsynonymous_SNV	G	A	hom	NA	NA	0,002	0,49	NM_001099679	exon2	c.G812A	p.R271Q	0,51796	<1e-­‐200
clonal	chr9	122260634	CDK5RAP2	nonsynonymous_SNV	C	T	het	NA	NA	0	0,59	NM_018249	exon20	c.G2290A	p.A764T	0,52319	<1e-­‐200
clonal	chr9	125172750	CRB2	nonsynonymous_SNV	C	A	het	NA	NA	0,807	0,25	NM_173689	exon7	c.C1597A	p.L533I	0,51407	<1e-­‐200
clonal	chr9	129981450	CIZ1	nonsynonymous_SNV	C	A	het	NA	NA	0,999	0,01	NM_001131015	exon8	c.G857T	p.R286L	0,51747	<1e-­‐200
clonal	chr9	130507846	PKN3	stopgain_SNV	C	A	het	NA	NA	0,714977	0,82	NM_013355	exon3	c.C278A	p.S93X	0,51746	<1e-­‐200
clonal	chr9	134161212	SETX	nonsynonymous_SNV	C	T	het	NA	NA	0,075	0,05	NM_015046	exon15	c.G5974A	p.E1992K	0,51814	<1e-­‐200
clonal	chr9	138461943	SEC16A	nonsynonymous_SNV	G	A	het	NA	NA	NA	0,52	NM_014866	exon26	c.C6458T	p.P2153L	0,55689	<1e-­‐200
clonal	chrX	5821019	NLGN4X	nonsynonymous_SNV	G	T	het	NA	NA	0	0,22	NM_020742	exon6	c.C2290A	p.L764M	0,41185	<1e-­‐200
clonal	chrX	10495556	MID1	nonsynonymous_SNV	G	T	het	NA	NA	0,999	0	NM_001193277	exon2	c.C32A	p.P11H	0,39647	<1e-­‐200
clonal	chrX	16611206	CTPS2	nonsynonymous_SNV	A	C	het	NA	NA	0,619	0,01	NM_001144002	exon9	c.T937G	p.C313G	0,38792	<1e-­‐200
clonal	chrX	17656289	NHS	nonsynonymous_SNV	C	T	het	NA	NA	0,841	0,01	NM_001136024	exon7	c.C3611T	p.S1204L	0,39794	<1e-­‐200
clonal	chrX	23658867	ACOT9	stopgain_SNV	G	A	het	NA	NA	0,640186	NA	NM_001037171	exon5	c.C349T	p.Q117X	0,35912	<1e-­‐200
clonal	chrX	36938656	FAM47C	nonsynonymous_SNV	G	A	het	NA	NA	0,056	0,06	NM_001013736	exon1	c.G2252A	p.R751H	0,40138	<1e-­‐200
clonal	chrX	47315742	ARAF	nonsynonymous_SNV	G	A	het	NA	ARAF	1	0	NM_001256196	exon16	c.G1772A	p.R591H	0,44091	<1e-­‐200
clonal	chrX	47372565	CFP	nonsynonymous_SNV	C	G	het	NA	NA	0,99	0,02	NM_002621	exon4	c.G283C	p.E95Q	0,39511	<1e-­‐200
clonal	chrX	53426163	SMC1A	nonsynonymous_SNV	T	C	het	NA	NA	0,503	0,31	NM_006306	exon21	c.A3274G	p.S1092G	0,41887	<1e-­‐200
clonal	chrX	67859139	STARD8	nonsynonymous_SNV	C	T	het	NA	NA	0,967	0	NM_014725	exon11	c.C2485T	p.R829C	0,45107	<1e-­‐200
clonal	chrX	96083773	DIAPH2	nonsynonymous_SNV	G	A	het	NA	NA	0,923	0,04	NM_006729	exon13	c.G1426A	p.D476N	0,4189	<1e-­‐200
clonal	chrX	100004322	NOX1	stopgain_SNV	G	A	het	NA	NA	0,566346	0,57	NM_007052	exon5	c.C481T	p.R161X	0,42395	<1e-­‐200
clonal	chrX	100497875	BTK	nonsynonymous_SNV	C	T	het	NA	NA	0,988	0,01	NM_000061	exon15	c.G1387A	p.V463I	0,43131	<1e-­‐200
clonal	chrX	106003567	TBC1D8B	nonsynonymous_SNV	G	A	het	NA	NA	0,924	0,02	NM_017752	exon21	c.G3079A	p.E1027K	0,4116	<1e-­‐200
clonal	chrX	123484999	TENM1	nonsynonymous_SNV	C	T	het	NA	NA	0,961	0,09	NM_014253	exon17	c.G2929A	p.D977N	0,41071	<1e-­‐200
clonal	chrX	132300894	GPC4	nonsynonymous_SNV	C	T	het	NA	NA	0,999	0,01	NM_001448	exon2	c.G302A	p.R101H	0,42462	<1e-­‐200
clonal	chrX	152873794	HCFC1	nonsynonymous_SNV	C	T	hom	NA	NA	0,956	0,09	NM_005334	exon17	c.G3250A	p.E1084K	0,39046	<1e-­‐200
