CHROM	POS	REF	ALT	GT	GT_CALL	ALT_PRES_CALL	CLONALITY
chr1	2338211	G	A	0/1	TP	TP	clonal
chr1	2529651	G	A	0/1	TP	TP	clonal
chr1	6270028	G	C	0/1	TP	TP	clonal
chr1	11155835	C	G	0/1	TP	TP	clonal
chr1	16202716	C	T	0/1	TP	TP	clonal
chr1	16725859	C	A	0/1	TP	TP	clonal
chr1	16725888	C	G	0/1	TP	TP	clonal
chr1	17418998	C	T	0/1	TP	TP	clonal
chr1	20987478	C	T	0/1	TP	TP	subclonal
chr1	28290028	A	G	0/1	TP	TP	clonal
chr1	32503473	C	T	0/1	TP	TP	clonal
chr1	42047630	C	G	0/1	TP	TP	clonal
chr1	44035444	G	A	0/1	TP	TP	subclonal
chr1	46775848	G	C	0/1	TP	TP	clonal
chr1	47504431	C	T	0/1	TP	TP	clonal
chr1	65344799	G	T	0/1	TP	TP	clonal
chr1	75009635	G	A	0/1	TP	TP	clonal
chr1	94508894	G	T	0/1	TP	TP	clonal
chr1	94654450	C	A	0/1	TP	TP	clonal
chr1	95001670	T	A	0/1	TP	TP	clonal
chr1	108291630	C	A	0/1	TP	TP	clonal
chr1	111216779	C	T	0/1	TP	TP	clonal
chr1	113637316	C	T	0/1	TP	TP	clonal
chr1	120460335	G	C	0/1	TP	TP	clonal
chr1	150484269	T	C	0/1	TP	TP	clonal
chr1	152282942	G	A	0/1	TP	TP	clonal
chr1	154197625	G	A	0/1	TP	TP	clonal
chr1	155223909	G	A	0/1	TP	TP	clonal
chr1	156035774	A	G	0/1	TP	TP	clonal
chr1	156616791	G	A	0/1	TP	TP	clonal
chr1	156845956	G	A	0/1	TP	TP	clonal
chr1	158435562	A	T	0/1	TP	TP	clonal
chr1	160093766	A	G	0/1	TP	TP	clonal
chr1	160811445	C	A	0/1	TP	TP	clonal
chr1	166039819	C	T	0/1	TP	TP	clonal
chr1	167806540	G	C	0/1	TP	TP	clonal
chr1	178423652	C	T	0/1	TP	TP	clonal
chr1	179064139	A	C	0/1	TP	TP	clonal
chr1	183094570	A	T	0/1	TP	TP	clonal
chr1	183100494	G	A	0/1	TP	TP	clonal
chr1	186355210	C	T	0/1	TP	TP	clonal
chr1	197073172	C	A	0/1	TP	TP	clonal
chr1	201285808	G	A	0/1	TP	TP	clonal
chr1	202304151	C	A	0/1	TP	TP	clonal
chr1	218614618	C	T	0/1	TP	TP	subclonal
chr1	222801065	A	C	0/1	TP	TP	clonal
chr1	226562016	T	C	0/1	TP	TP	clonal
chr1	228467554	C	T	0/1	TP	TP	clonal
chr1	232941331	G	A	0/1	TP	TP	clonal
chr1	237001865	C	A	0/1	TP	TP	clonal
chr1	244528006	A	G	0/1	TP	TP	clonal
chr10	13174128	A	G	0/1	TP	TP	subclonal
chr10	45956741	G	A	0/1	FN	TP	clonal
chr10	101639731	G	A	0/1	FN	TP	clonal
chr10	102766554	G	A	0/1	FN	TP	clonal
chr10	104181547	G	T	0/1	FN	TP	clonal
chr11	620362	C	T	0/1	FN	TP	clonal
chr11	4673833	C	A	0/1	TP	TP	clonal
chr11	5701001	C	T	0/1	TP	TP	clonal
chr11	6261622	G	A	0/1	TP	TP	clonal
chr11	6413103	G	A	0/1	TP	TP	clonal
chr11	6662060	G	T	0/1	TP	TP	clonal
chr11	16876486	G	A	0/1	TP	TP	clonal
chr11	18318345	C	A	0/1	TP	TP	clonal
chr11	19077715	G	T	0/1	TP	TP	clonal
chr11	20648308	C	T	0/1	TP	TP	clonal
chr11	27389665	G	T	0/1	TP	TP	clonal
chr11	28318351	G	T	0/1	TP	TP	subclonal
chr11	57958704	G	A	0/1	TP	TP	subclonal
chr11	60702840	G	C	0/1	TP	TP	clonal
chr11	61546823	G	A	0/1	TP	TP	subclonal
chr11	63520117	G	T	0/1	TP	TP	clonal
chr11	64120863	G	T	0/1	TP	TP	clonal
chr11	64567101	C	T	0/1	TP	TP	clonal
chr11	64665313	G	C	0/1	TP	TP	clonal
chr11	74546690	C	T	0/1	TP	TP	clonal
chr11	77931453	G	A	0/1	TP	TP	clonal
chr11	85346809	C	T	0/1	TP	TP	clonal
chr11	85456774	A	G	0/1	TP	TP	clonal
chr11	93803665	G	T	0/1	TP	TP	clonal
chr11	117984061	C	T	0/1	TP	TP	clonal
chr11	119181085	C	T	0/1	TP	TP	clonal
chr11	123601395	G	A	0/1	TP	TP	subclonal
chr11	129739968	C	A	0/1	TP	TP	subclonal
chr11	129993669	C	T	0/1	TP	TP	clonal
chr12	2930444	C	T	0/1	FN	TP	clonal
chr12	6646816	G	A	0/1	FN	TP	clonal
chr12	10772921	C	T	0/1	FN	TP	subclonal
chr12	22086768	C	T	0/1	FN	TP	clonal
chr12	26383893	G	A	0/1	FN	TP	clonal
chr12	49951281	G	A	0/1	FN	TP	clonal
chr12	58223341	G	A	0/1	FN	TP	clonal
chr12	70949074	G	C	0/1	FN	TP	clonal
chr12	75601520	C	T	0/1	FN	TP	clonal
chr12	86199651	C	T	0/1	FN	TP	clonal
chr12	109677651	A	G	0/1	TP	TP	clonal
chr12	115118857	G	C	0/1	FN	TP	clonal
chr13	21165784	G	A	0/1	FN	TP	clonal
chr13	35672436	C	A	0/1	FN	TP	clonal
chr13	52707933	T	C	0/1	TP	TP	subclonal
chr13	103390760	T	C	0/1	FN	TP	subclonal
chr14	21490292	G	C	0/1	TP	TP	clonal
chr14	23844881	G	A	0/1	TP	TP	subclonal
chr14	24608657	T	C	0/1	TP	TP	subclonal
chr14	24709899	G	C	0/1	TP	TP	clonal
chr14	24900096	C	A	0/1	TP	TP	clonal
chr14	45716339	A	C	0/1	TP	TP	clonal
chr14	50892652	C	T	0/1	TP	TP	clonal
chr14	52474638	G	A	0/1	TP	TP	clonal
chr14	52734852	C	T	0/1	TP	TP	clonal
chr14	52735158	T	G	0/1	TP	TP	clonal
chr14	63671681	G	A	0/1	TP	TP	subclonal
chr14	64522788	G	T	0/1	TP	TP	clonal
chr14	68191923	C	A	0/1	TP	TP	clonal
chr14	69529178	G	A	0/1	TP	TP	clonal
chr14	74411572	G	A	0/1	TP	TP	clonal
chr14	75279357	C	T	0/1	TP	TP	clonal
chr14	105169540	G	A	0/1	TP	TP	clonal
chr14	105416423	C	T	0/1	TP	TP	clonal
chr15	22956118	G	T	0/1	TP	TP	clonal
chr15	31823008	C	T	0/1	TP	TP	clonal
chr15	34355342	C	T	0/1	TP	TP	subclonal
chr15	42041015	T	C	0/1	TP	TP	clonal
chr15	42584992	T	C	0/1	TP	TP	clonal
chr15	45440176	G	A	0/1	TP	TP	clonal
chr15	52536598	G	A	0/1	TP	TP	clonal
chr15	53049925	G	A	0/1	TP	TP	clonal
chr15	58306195	G	A	0/1	TP	TP	clonal
chr15	77425739	G	T	0/1	TP	TP	clonal
chr15	83735630	C	T	0/1	TP	TP	clonal
chr15	85403024	C	T	0/1	TP	TP	clonal
chr15	89453061	G	A	0/1	TP	TP	clonal
chr15	94927323	T	C	0/1	TP	TP	subclonal
chr16	733560	G	C	0/1	TP	TP	clonal
chr16	1537917	A	G	0/1	TP	TP	subclonal
chr16	15149761	T	C	0/1	TP	TP	subclonal
chr16	19056291	G	C	0/1	TP	TP	clonal
chr16	23080754	C	A	0/1	TP	TP	clonal
chr16	30777835	C	G	0/1	TP	TP	clonal
chr16	30779637	T	G	0/1	TP	TP	clonal
chr16	31012864	C	G	0/1	TP	TP	clonal
chr16	31089734	C	T	0/1	TP	TP	clonal
chr16	46960903	G	A	0/1	TP	TP	clonal
chr16	66643819	A	G	0/1	TP	TP	subclonal
chr16	71715784	C	T	0/1	TP	TP	clonal
chr16	72170400	C	A	0/1	TP	TP	clonal
chr16	72827828	G	A	0/1	TP	TP	clonal
chr17	9546427	G	A	0/1	FN	TP	clonal
chr17	27185611	G	C	0/1	FN	TP	clonal
chr17	33498419	A	G	0/1	FN	TP	clonal
chr17	38347691	G	C	0/1	FN	TP	clonal
chr17	38349216	G	A	0/1	FN	TP	clonal
chr17	40693060	C	A	0/1	FN	TP	clonal
chr17	40704959	G	A	0/1	FN	TP	clonal
chr17	42476032	G	C	0/1	FN	TP	clonal
chr17	42636379	C	G	0/1	FN	TP	clonal
chr17	43214424	C	A	0/1	FN	TP	clonal
chr17	44248484	G	T	0/1	TP	TP	clonal
chr17	48603317	G	T	0/1	FN	TP	clonal
chr17	60802416	G	C	0/1	FN	TP	clonal
chr17	67008172	G	A	0/1	FN	TP	clonal
chr17	67221486	G	A	0/1	FN	TP	clonal
chr17	72860359	G	T	0/1	FN	TP	clonal
chr17	73805897	C	T	0/1	FN	TP	clonal
chr17	77809062	G	A	0/1	TP	TP	subclonal
chr17	78058707	C	T	0/1	TP	TP	subclonal
chr18	7026032	C	A	0/1	TP	TP	clonal
chr18	14763916	C	T	0/1	TP	TP	clonal
chr18	18595411	A	G	0/1	TP	TP	clonal
chr18	20581573	G	T	0/1	TP	TP	clonal
chr18	28908192	G	A	0/1	TP	TP	clonal
chr18	29972899	T	C	0/1	TP	TP	clonal
chr18	32833601	C	G	0/1	TP	TP	clonal
chr18	42281739	G	A	0/1	TP	TP	clonal
chr18	43671677	C	G	0/1	TP	TP	clonal
chr18	44027618	T	G	0/1	TP	TP	clonal
chr18	48446899	C	T	0/1	TP	TP	clonal
chr18	56247116	G	T	0/1	TP	TP	clonal
chr18	60241896	C	A	0/1	TP	TP	clonal
chr18	67266681	C	T	0/1	TP	TP	clonal
chr19	7584909	C	T	0/1	TP	TP	clonal
chr19	7975988	C	T	0/1	TP	TP	clonal
chr19	8615159	C	T	0/1	TP	TP	clonal
chr19	9577374	C	T	0/1	TP	TP	clonal
chr19	10077394	C	T	0/1	TP	TP	clonal
chr19	11024628	G	A	0/1	TP	TP	clonal
chr19	11475241	C	T	0/1	TP	TP	clonal
chr19	14507264	G	C	0/1	TP	TP	clonal
chr19	15285135	C	T	0/1	TP	TP	clonal
chr19	16339705	A	C	0/1	TP	TP	clonal
chr19	17741499	G	C	0/1	TP	TP	clonal
chr19	17741544	G	T	0/1	TP	TP	clonal
chr19	17895592	G	T	0/1	TP	TP	clonal
chr19	19308055	G	A	0/1	TP	TP	clonal
chr19	19654768	C	T	0/1	TP	TP	clonal
chr19	19791056	C	T	0/1	TP	TP	clonal
chr19	21492137	G	T	0/1	TP	TP	clonal
chr19	34687555	C	T	0/1	TP	TP	clonal
chr19	36050059	C	T	0/1	TP	TP	subclonal
chr19	39967011	G	A	0/1	TP	TP	clonal
chr19	40321151	G	A	0/1	TP	TP	clonal
chr19	41888797	G	T	0/1	TP	TP	clonal
chr19	42546751	C	T	0/1	TP	TP	clonal
chr19	44223788	G	A	0/1	TP	TP	clonal
chr19	46174565	C	G	0/1	TP	TP	clonal
chr19	46205121	G	A	0/1	TP	TP	clonal
chr19	46388442	C	G	0/1	TP	TP	clonal
chr19	46417552	G	A	0/1	TP	TP	clonal
chr19	46444091	G	A	0/1	TP	TP	clonal
chr19	49224101	A	G	0/1	TP	TP	clonal
chr19	50098352	G	A	0/1	TP	TP	clonal
chr19	51526380	T	C	0/1	TP	TP	clonal
chr19	52327161	C	T	0/1	TP	TP	clonal
chr19	52519492	T	G	0/1	TP	TP	clonal
chr19	54327142	C	A	0/1	TP	TP	clonal
chr19	54625306	G	T	0/1	TP	TP	clonal
chr19	56156276	G	T	0/1	TP	TP	clonal
chr19	56485160	C	T	0/1	TP	TP	clonal
chr19	57764845	C	T	0/1	TP	TP	clonal
chr19	57967431	G	A	0/1	TP	TP	clonal
chr2	1677469	C	T	0/1	FN	TP	clonal
chr2	20838305	C	T	0/1	FN	TP	clonal
chr2	21229637	G	T	0/1	FN	TP	clonal
chr2	25982436	G	A	0/1	FN	TP	clonal
chr2	37121058	C	T	0/1	FN	TP	clonal
chr2	69173541	G	C	0/1	TP	TP	clonal
chr2	70917955	C	T	0/1	TP	TP	clonal
chr2	73466842	C	G	0/1	TP	TP	clonal
chr2	74435818	T	C	0/1	TP	TP	subclonal
chr2	85822948	C	T	0/1	TP	TP	subclonal
chr2	85866335	G	T	0/1	TP	TP	clonal
chr2	86682236	C	T	0/1	TP	TP	clonal
chr2	131487394	A	G	0/1	TP	TP	subclonal
chr2	135199362	C	A	0/1	TP	TP	subclonal
chr2	165364988	C	T	0/1	TP	TP	subclonal
chr2	173882182	C	T	0/1	FN	TP	clonal
chr2	216960862	A	C	0/1	TP	TP	clonal
chr2	219883777	C	A	0/1	FN	TP	clonal
chr2	220432508	C	T	0/1	FN	TP	clonal
chr2	232322503	T	C	0/1	TP	TP	subclonal
chr2	234173590	C	A	0/1	FN	TP	clonal
chr2	234526592	C	T	0/1	FN	TP	clonal
chr2	242011248	G	A	0/1	TP	TP	subclonal
chr2	242163150	T	C	0/1	TP	TP	clonal
chr20	585252	G	A	0/1	TP	TP	clonal
chr20	18453543	C	G	0/1	TP	TP	clonal
chr20	18526646	G	T	0/1	TP	TP	clonal
chr20	21321457	A	T	0/1	TP	TP	clonal
chr20	25493537	G	A	0/1	TP	TP	clonal
chr20	34021760	C	T	0/1	TP	TP	clonal
chr20	34142154	G	C	0/1	TP	TP	clonal
chr20	40045974	T	C	0/1	TP	TP	clonal
chr20	43565321	C	T	0/1	TP	TP	clonal
chr20	44638518	G	A	0/1	TP	TP	clonal
chr20	47589821	G	T	0/1	TP	TP	clonal
chr20	47734457	C	T	0/1	TP	TP	clonal
chr20	48256282	G	A	0/1	TP	TP	clonal
chr20	55059241	A	G	0/1	TP	TP	clonal
chr20	61575012	G	A	0/1	TP	TP	clonal
chr21	17196427	G	T	0/1	TP	TP	clonal
chr21	34029087	C	G	0/1	TP	TP	clonal
chr21	46363653	G	A	0/1	TP	TP	clonal
chr21	46900710	G	T	0/1	TP	TP	clonal
chr21	47808721	G	A	0/1	TP	TP	clonal
chr22	30890865	C	A	0/1	FN	TP	clonal
chr22	32009356	T	C	0/1	FN	TP	clonal
chr22	42095614	C	G	0/1	FN	TP	clonal
chr22	50901836	A	G	0/1	TP	TP	clonal
chr3	8809432	G	C	0/1	FN	TP	clonal
chr3	12857927	C	T	0/1	FN	TP	clonal
chr3	14157988	T	C	0/1	TP	TP	clonal
chr3	15115726	C	T	0/1	FN	TP	clonal
chr3	36896714	C	T	0/1	FN	TP	clonal
chr3	37343700	C	T	0/1	FN	TP	clonal
chr3	43122874	G	A	0/1	FN	TP	clonal
chr3	44670792	G	A	0/1	FN	TP	clonal
chr3	47712158	A	G	0/1	FN	TP	clonal
chr3	49051452	G	A	0/1	FN	TP	clonal
chr3	49756030	G	A	0/1	FN	TP	clonal
chr3	52280754	G	A	0/1	TP	TP	clonal
chr3	57528495	G	T	0/1	FN	TP	clonal
chr3	67053836	C	A	0/1	FN	TP	clonal
chr3	98073113	C	T	0/1	TP	TP	clonal
chr3	112714060	G	T	0/1	TP	TP	clonal
chr3	119325788	A	G	0/1	TP	TP	subclonal
chr3	122003494	G	A	0/1	TP	TP	clonal
chr3	122459930	C	T	0/1	TP	TP	clonal
chr3	130098555	T	C	0/1	TP	TP	subclonal
chr3	148765848	C	T	0/1	TP	TP	clonal
chr3	148924124	C	T	0/1	TP	TP	clonal
chr3	149468506	G	T	0/1	TP	TP	clonal
chr3	170150339	G	A	0/1	TP	TP	clonal
chr3	184101121	G	T	0/1	TP	TP	clonal
chr3	193039594	C	A	0/1	TP	TP	clonal
chr4	5578036	C	T	0/1	TP	TP	subclonal
chr4	13601550	C	A	0/1	FN	TP	clonal
chr4	38798466	C	A	0/1	FN	TP	clonal
chr4	40440609	C	T	0/1	FN	TP	clonal
chr4	100532330	G	T	0/1	TP	TP	clonal
chr4	145985740	T	C	0/1	TP	TP	clonal
chr4	155720122	C	A	0/1	FN	TP	clonal
chr5	39135010	C	T	0/1	TP	TP	subclonal
chr5	42719003	A	C	0/1	TP	TP	subclonal
chr5	55204134	G	A	0/1	TP	TP	subclonal
chr5	74680489	A	G	0/1	TP	TP	clonal
chr5	75581097	G	A	0/1	TP	TP	clonal
chr5	75954484	A	C	0/1	TP	TP	clonal
chr5	95226947	G	A	0/1	TP	TP	clonal
chr5	132232676	G	A	0/1	TP	TP	clonal
chr5	133561514	C	T	0/1	TP	TP	clonal
chr5	137476398	A	T	0/1	TP	TP	subclonal
chr5	137626402	G	C	0/1	TP	TP	clonal
chr5	140056979	C	G	0/1	TP	TP	clonal
chr5	140073815	G	C	0/1	TP	TP	clonal
chr5	170319411	G	A	0/1	TP	TP	clonal
chr5	175793513	G	A	0/1	TP	TP	clonal
chr5	175957734	C	T	0/1	TP	TP	clonal
chr5	176637154	C	T	0/1	TP	TP	clonal
chr5	176686998	A	G	0/1	TP	TP	subclonal
chr5	178139172	C	G	0/1	TP	TP	clonal
chr5	178413567	C	A	0/1	TP	TP	clonal
chr6	7373322	T	C	0/1	TP	TP	subclonal
chr6	12163789	C	T	0/1	FN	TP	clonal
chr6	15533483	C	T	0/1	FN	TP	clonal
chr6	25726691	G	A	0/1	FN	TP	clonal
chr6	25917059	G	A	0/1	FN	TP	clonal
chr6	34026847	A	C	0/1	TP	TP	clonal
chr6	35467907	C	T	0/1	TP	TP	clonal
chr6	35928667	G	C	0/1	TP	TP	clonal
chr6	36713223	G	A	0/1	TP	TP	clonal
chr6	43012558	G	A	0/1	TP	TP	clonal
chr6	43113127	G	A	0/1	TP	TP	clonal
chr6	43167835	G	C	0/1	TP	TP	clonal
chr6	43193506	C	A	0/1	TP	TP	clonal
chr6	64940574	C	T	0/1	TP	TP	clonal
chr6	76331274	G	A	0/1	TP	TP	clonal
chr6	107390714	G	A	0/1	TP	TP	clonal
chr6	131996274	G	T	0/1	TP	TP	clonal
chr6	138655454	C	T	0/1	TP	TP	subclonal
chr6	144081546	G	A	0/1	TP	TP	clonal
chr6	144086840	A	C	0/1	TP	TP	clonal
chr6	147635060	G	A	0/1	TP	TP	clonal
chr6	157150487	C	T	0/1	TP	TP	subclonal
chr6	158919736	C	T	0/1	TP	TP	clonal
chr6	161469821	T	G	0/1	TP	TP	clonal
chr7	2566504	G	A	0/1	TP	TP	clonal
chr7	6561075	C	T	0/1	TP	TP	clonal
chr7	23808761	C	A	0/1	TP	TP	clonal
chr7	26893756	C	A	0/1	TP	TP	clonal
chr7	30656847	G	A	0/1	TP	TP	clonal
chr7	36396800	C	A	0/1	TP	TP	clonal
chr7	36465636	C	A	0/1	TP	TP	clonal
chr7	66104179	G	A	0/1	TP	TP	clonal
chr7	77807381	T	C	0/1	TP	TP	clonal
chr7	82583650	T	C	0/1	TP	TP	clonal
chr7	83591093	C	T	0/1	TP	TP	subclonal
chr7	86978418	C	T	0/1	TP	TP	clonal
chr7	91690676	C	T	0/1	TP	TP	clonal
chr7	92730670	G	T	0/1	TP	TP	clonal
chr7	92763574	G	T	0/1	TP	TP	clonal
chr7	94293839	C	T	0/1	TP	TP	clonal
chr7	99818209	C	G	0/1	TP	TP	clonal
chr7	100173910	C	T	0/1	TP	TP	clonal
chr7	100276073	G	A	0/1	TP	TP	clonal
chr7	107615505	T	C	0/1	TP	TP	clonal
chr7	115889292	A	G	0/1	TP	TP	clonal
chr7	139791732	G	T	0/1	TP	TP	clonal
chr7	149172044	C	T	0/1	TP	TP	clonal
chr8	2046729	G	A	0/1	TP	TP	clonal
chr8	2054134	C	A	0/1	TP	TP	clonal
chr8	6681171	C	T	0/1	TP	TP	clonal
chr8	8998980	T	C	0/1	TP	TP	clonal
chr8	19681386	G	A	0/1	TP	TP	clonal
chr8	22006396	C	T	0/1	TP	TP	clonal
chr8	23106877	G	A	0/1	TP	TP	clonal
chr8	24771856	C	T	0/1	TP	TP	subclonal
chr8	57129954	G	A	0/1	TP	TP	clonal
chr8	79629712	G	A	0/1	TP	TP	clonal
chr8	124340430	C	A	0/1	TP	TP	clonal
chr8	124693481	C	G	0/1	TP	TP	clonal
chr8	144990781	G	A	0/1	TP	TP	clonal
chr9	19298104	C	T	0/1	TP	TP	subclonal
chr9	21166083	A	T	0/1	TP	TP	clonal
chr9	34263146	C	A	0/1	TP	TP	clonal
chr9	37522840	C	G	0/1	TP	TP	clonal
chr9	80046280	C	T	0/1	TP	TP	subclonal
chr9	88633224	G	C	0/1	TP	TP	clonal
chr9	88924847	G	C	0/1	TP	TP	clonal
chr9	94172884	G	T	0/1	FN	TP	subclonal
chr9	95277196	C	G	0/1	TP	TP	clonal
chr9	106864395	A	G	0/1	TP	TP	clonal
chr9	107593979	C	A	0/1	TP	TP	clonal
chr9	116811468	C	T	0/1	TP	TP	clonal
chr9	117853210	G	A	0/1	TP	TP	subclonal
chr9	119460833	G	A	0/1	TP	TP	clonal
chr9	123220813	C	T	0/1	TP	TP	clonal
chr9	126132929	C	A	0/1	TP	TP	clonal
chr9	130941629	C	A	0/1	TP	TP	clonal
chr9	131468025	C	A	0/1	TP	TP	clonal
chr9	135171391	C	T	0/1	TP	TP	clonal
chr9	139342122	G	A	0/1	TP	TP	clonal
chrX	5811019	G	T	0/1	TP	TP	clonal
chrX	10535556	G	T	0/1	TP	TP	clonal
chrX	16701285	A	C	0/1	TP	TP	clonal
chrX	17746368	C	T	0/1	TP	TP	clonal
chrX	23748946	G	A	0/1	TP	TP	clonal
chrX	37028735	G	A	0/1	TP	TP	clonal
chrX	47430798	G	A	0/1	TP	TP	clonal
chrX	47487621	C	G	0/1	TP	TP	clonal
chrX	53409438	T	C	0/1	TP	TP	clonal
chrX	67942414	C	T	0/1	TP	TP	clonal
chrX	96197117	G	A	0/1	TP	TP	clonal
chrX	100117666	G	A	0/1	TP	TP	clonal
chrX	100611219	C	T	0/1	TP	TP	clonal
chrX	106116911	G	A	0/1	TP	TP	clonal
chrX	123657318	C	T	0/1	TP	TP	clonal
chrX	132473228	C	T	0/1	TP	TP	clonal
chrX	153220600	C	T	0/1	TP	TP	clonal
