cells	class	chrom	pos	gene	type	REF	VAR	zygosity	COSMIC	CANCER	POLY	SIFT	GenBank_ID	Exon	Nucleotide	Amino_Acid	Duplex_Freq	Duplex_P_val
6	subclonal	chr5	55239891	IL31RA	nonsynonymous_SNV	G	A	het	NA	NA	0,038	0,07	NM_001242638	exon13	c.G1339A	p.V447M	0,233289	<1e-­‐200
6	subclonal	chr11	61303399	MYRF	nonsynonymous_SNV	G	A	het	NA	NA	0,999	0,04	NM_013279	exon15	c.G2075A	p.R692H	0,023342	4.60E-­‐184
6	subclonal	chr7	83429029	SEMA3A	nonsynonymous_SNV	C	T	het	NA	NA	0,999	0,03	NM_006080	exon17	c.G1910A	p.R637H	0,024063	<1e-­‐200
6	subclonal	chr2	165073234	GRB14	nonsynonymous_SNV	C	T	het	NA	NA	0,001	0,92	NM_004490	exon8	c.G1000A	p.V334M	0,014032	2.03E-­‐179
5	subclonal	chr16	65201320	CMTM3	nonsynonymous_SNV	A	G	het	NA	NA	0,001	0,09	NM_181553	exon4	c.A433G	p.T145A	0,189566	<1e-­‐200
5	subclonal	chr6	138697147	KIAA1244	nonsynonymous_SNV	C	T	het	NA	NA	NA	0,23	NM_020340	exon33	c.C5471T	p.A1824V	0,022215	<1e-­‐200
5	subclonal	chr14	62741434	RHOJ	nonsynonymous_SNV	G	A	het	NA	NA	0,407	0	NM_020663	exon1	c.G94A	p.V32M	0,010575	<1e-­‐200
5	subclonal	chr3	131581245	COL6A5	nonsynonymous_SNV	T	C	het	NA	NA	NA	NA	NM_153264	exon4	c.T962C	p.M321T	0,021113	<1e-­‐200
4	subclonal	chr9	19288104	DENND4C	nonsynonymous_SNV	C	T	het	NA	NA	0,991	0	NM_017925	exon7	c.C1091T	p.P364L	0,131816	<1e-­‐200
4	subclonal	chr16	30316640	ZNF48	nonsynonymous_SNV	C	T	het	NA	NA	0,999	0	NM_001214906	exon3	c.C568T	p.R190C	0,187799	<1e-­‐200
4	subclonal	chr1	20860065	DDOST	nonsynonymous_SNV	C	T	het	NA	NA	0,916	0	NM_005216	exon2	c.G212A	p.G71D	0,008184	5.36E-­‐165
4	subclonal	chr2	232030747	NCL	nonsynonymous_SNV	T	C	het	NA	NA	0,673	0	NM_005381	exon9	c.A1298G	p.Y433C	0,023153	<1e-­‐200
4	subclonal	chr15	92728327	MCTP2	nonsynonymous_SNV	T	C	het	NA	NA	0,998	0	NM_001159643	exon12	c.T1655C	p.L552P	0,01068	<1e-­‐200
4	subclonal	chr10	13214134	OPTN	nonsynonymous_SNV	A	G	het	NA	NA	0,616	0	NM_021980	exon12	c.A1463G	p.E488G	0,006791	9.25E-­‐75
4	subclonal	chr11	123106605	ZNF202	stopgain_SNV	G	A	het	NA	NA	0,725252	0,58	NM_003455	exon4	c.C202T	p.R68X	0,004469	5.46E-­‐89
4	subclonal	chr4	5628937	EVC2	nonsynonymous_SNV	C	T	het	NA	NA	0,99	1	NM_001166136	exon18	c.G2963A	p.R988K	0,005878	3.79E-­‐52
4	subclonal	chr11	28274927	METTL15	nonsynonymous_SNV	G	T	het	NA	NA	0,871	0,15	NM_152636	exon6	c.G651T	p.Q217H	0,010767	<1e-­‐200
4	subclonal	chr9	116893031	TNC	nonsynonymous_SNV	G	A	het	NA	TNC	1	0	NM_002160	exon2	c.C88T	p.R30W	0,001309	2.10E-­‐16
4	subclonal	chr5	7743911	ADCY2	nonsynonymous_SNV	T	A	het	NA	NA	0,979	NA	NM_020546	exon5	c.T828A	p.N276K	0	NA
4	subclonal	chr2	241659921	SNED1	nonsynonymous_SNV	G	A	het	NA	NA	NA	0	NM_001080437	exon26	c.G3772A	p.A1258T	0,017717	5.87E-­‐146
4	subclonal	chr19	40741899	ATP4A	nonsynonymous_SNV	C	T	het	NA	NA	0	0,03	NM_000704	exon8	c.G1091A	p.S364N	0,002887	1.92E-­‐31
4	subclonal	chr19	8103933	FBN3	nonsynonymous_SNV	T	A	het	NA	NA	0,984	0,01	NM_032447	exon13	c.A1649T	p.D550V	0,003195	5.62E-­‐85
4	subclonal	chrX	141941494	SPANXN4	stopgain_SNV	G	T	het	NA	NA	NA	0,3	NM_001009613	exon1	c.G28T	p.E10X	0	NA
4	subclonal	chr5	176619604	NSD1	nonsynonymous_SNV	A	G	het	NA	NSD1	0,426	0,05	NM_022455	exon14	c.A4975G	p.M1659V	0,01008	<1e-­‐200
3	subclonal	chr14	93464706	FAM181A	nonsynonymous_SNV	T	C	het	NA	NA	0,941	0,15	NM_001207074	exon2	c.T322C	p.C108R	0,180771	<1e-­‐200
3	subclonal	chr13	97845486	FARP1	nonsynonymous_SNV	A	G	hom	NA	NA	0,003	0,55	NM_005766	exon13	c.A1169G	p.Q390R	0,186387	<1e-­‐200
3	subclonal	chr6	51720711	PKHD1	nonsynonymous_SNV	G	A	het	NA	NA	0,999	0,49	NM_170724	exon58	c.C9662T	p.P3221L	0,083445	<1e-­‐200
3	subclonal	chr14	91413748	FBLN5	nonsynonymous_SNV	A	G	hom	NA	NA	0,999	0	NM_006329	exon10	c.T1021C	p.C341R	0,185298	<1e-­‐200
3	subclonal	chr14	77209958	ALKBH1	nonsynonymous_SNV	C	A	het	NA	NA	0,616	0	NM_006020	exon6	c.G1120T	p.D374Y	0,184777	<1e-­‐200
3	subclonal	chr5	16808008	MYO10	nonsynonymous_SNV	G	A	het	NA	NA	NA	NA	NM_012334	exon19	c.C1858T	p.H620Y	0,096795	<1e-­‐200
3	subclonal	chr11	123106521	ZNF202	nonsynonymous_SNV	T	C	het	NA	NA	0,977	0,04	NM_003455	exon4	c.A286G	p.T96A	0,092286	<1e-­‐200
3	subclonal	chr15	70646549	ARIH1	nonsynonymous_SNV	A	T	het	NA	NA	0,988	0	NM_005744	exon9	c.A1003T	p.N335Y	0,105573	<1e-­‐200
3	subclonal	chr6	31841702	VWA7	nonsynonymous_SNV	T	G	het	NA	NA	0	0,66	NM_025258	exon16	c.A2436C	p.E812D	0,179625	<1e-­‐200
3	subclonal	chr11	76617918	GDPD4	nonsynonymous_SNV	T	G	het	NA	NA	0,004	0,42	NM_182833	exon14	c.A1397C	p.K466T	0,089601	<1e-­‐200
3	subclonal	chr19	43801800	EIF3K	nonsynonymous_SNV	A	G	het	p.I18V	EIF3K	0,536	0	NM_013234	exon1	c.A52G	p.I18V	0,098099	<1e-­‐200
3	subclonal	chr16	1477918	PTX4	nonsynonymous_SNV	A	G	het	NA	NA	0,626776	0	NM_001013658	exon2	c.T181C	p.Y61H	0,10282	<1e-­‐200
3	subclonal	chr13	102188761	CCDC168	nonsynonymous_SNV	T	C	hom	NA	NA	NA	NA	NM_001146197	exon4	c.A12287G	p.H4096R	0,000557	3.00E-­‐09
3	subclonal	chr9	93212705	NFIL3	nonsynonymous_SNV	G	T	hom	NA	NA	0	0,19	NM_005384	exon2	c.C133A	p.L45M	0,012688	<1e-­‐200
3	subclonal	chr2	11235368	PQLC3	nonsynonymous_SNV	T	C	hom	NA	NA	0,127	0,48	NM_152391	exon7	c.T572C	p.V191A	0,321866	<1e-­‐200
3	subclonal	chr10	5843344	FAM208B	nonsynonymous_SNV	T	C	het	NA	NA	0,998	0,01	NM_017782	exon19	c.T7078C	p.C2360R	0	NA
3	subclonal	chr12	2838292	FOXM1	nonsynonymous_SNV	A	C	het	NA	NA	0,855	0	NM_202003	exon8	c.T2020G	p.F674V	0,149377	<1e-­‐200
3	subclonal	chr19	57408039	PPP2R1A	nonsynonymous_SNV	C	T	het	NA	NA	0,211	0,13	NM_014225	exon6	c.C671T	p.A224V	0,096574	<1e-­‐200
3	subclonal	chr11	58650008	FAM111B	nonsynonymous_SNV	A	G	het	NA	NA	0,481	0,11	NM_001142703	exon3	c.A1772G	p.Y591C	0	NA
3	subclonal	chr1	227710573	NUP133	nonsynonymous_SNV	C	A	het	NA	NA	0,99	0	NM_018230	exon1	c.G47T	p.R16L	0,107849	<1e-­‐200
3	subclonal	chr14	94639761	DICER1	nonsynonymous_SNV	T	C	het	NA	NA	0	0,18	NM_001271282	exon21	c.A3725G	p.Y1242C	0,000268	NA
3	subclonal	chr19	60193821	NLRP2	nonsynonymous_SNV	A	T	het	NA	NA	0,512	0,02	NM_001174083	exon11	c.A2608T	p.R870W	0	NA
3	subclonal	chr18	59457439	SERPINB4	nonsynonymous_SNV	A	G	het	NA	NA	0,720997	0	NM_002974	exon7	c.T728C	p.M243T	0	NA
3	subclonal	chr14	93129862	UNC79	nonsynonymous_SNV	A	G	het	NA	NA	0,998	0,35	NM_020818	exon23	c.A2585G	p.H862R	0	NA
3	subclonal	chr19	9223072	OR7E24	nonsynonymous_SNV	A	C	het	NA	NA	NA	0	NM_001079935	exon1	c.A353C	p.Q118P	0	NA
3	subclonal	chr2	201040306	SPATS2L	nonsynonymous_SNV	T	C	het	NA	NA	NA	0,07	NM_015535	exon10	c.T896C	p.L299P	0	NA
3	subclonal	chr1	157013254	OR6N2	nonsynonymous_SNV	A	G	het	NA	NA	0,999	0,01	NM_001005278	exon1	c.T796C	p.Y266H	0,059926	<1e-­‐200
3	subclonal	chr6	157192179	ARID1B	nonsynonymous_SNV	C	T	het	NA	NA	0,992	0	NM_017519	exon2	c.C1669T	p.R557W	0,013382	<1e-­‐200
3	subclonal	chr2	85676459	RNF181	nonsynonymous_SNV	C	T	het	NA	NA	0,125	0,24	NM_016494	exon1	c.C62T	p.T21I	0,00548	2.77E-­‐58
3	subclonal	chr11	57715280	OR9Q2	nonsynonymous_SNV	G	A	het	NA	NA	0,907	0	NM_001005283	exon1	c.G742A	p.V248I	0,004027	1.74E-­‐57
3	subclonal	chr5	137504297	BRD8	nonsynonymous_SNV	A	T	het	NA	NA	0,137	0	NM_139199	exon26	c.T3611A	p.I1204N	0,011593	2.57E-­‐180
3	subclonal	chr1	216681241	TGFB2	nonsynonymous_SNV	C	T	het	NA	TGFB2	0,153	0	NM_003238	exon7	c.C1159T	p.P387S	0,003185	1.48E-­‐60
3	subclonal	chr8	24827761	NEFM	nonsynonymous_SNV	C	T	het	NA	NA	0,785343	0	NM_005382	exon1	c.C550T	p.R184W	0,009217	1.11E-­‐123
3	subclonal	chr1	43808031	PTPRF	nonsynonymous_SNV	G	A	het	NA	NA	0,999	0,02	NM_130440	exon6	c.G563A	p.R188H	0,006259	6.97E-­‐97
3	subclonal	chr12	10664188	STYK1	nonsynonymous_SNV	C	T	hom	NA	NA	0,003	0,13	NM_018423	exon11	c.G1091A	p.R364H	0,008571	3.46E-­‐90
3	subclonal	chr17	75673302	CCDC40	nonsynonymous_SNV	C	T	het	NA	NA	0,999	0,02	NM_001243342	exon13	c.C2155T	p.R719C	0,018032	2.12E-­‐196
3	subclonal	chr13	51605934	NEK3	nonsynonymous_SNV	T	C	het	NA	NA	NA	0,54	NM_001146099	exon14	c.A1277G	p.K426R	0,005843	1.04E-­‐109
3	subclonal	chr14	63678518	SYNE2	nonsynonymous_SNV	A	G	het	NA	NA	0,004	0,04	NM_015180	exon82	c.A15265G	p.S5089G	0,094136	<1e-­‐200
3	subclonal	chr2	74289326	MTHFD2	nonsynonymous_SNV	T	C	het	NA	NA	0,967	0,34	NM_006636	exon4	c.T532C	p.W178R	0,091089	<1e-­‐200
3	subclonal	chr11	116770922	CEP164	nonsynonymous_SNV	A	G	het	NA	NA	0,003	0,02	NM_001271933	exon21	c.A2846G	p.E949G	0	NA
3	subclonal	chr2	131203864	GPR148	nonsynonymous_SNV	A	G	het	NA	NA	0,484	0,59	NM_207364	exon1	c.A670G	p.I224V	0,021252	<1e-­‐200
3	subclonal	chr5	42754760	GHR	nonsynonymous_SNV	A	C	het	NA	NA	0,706	0	NM_001242406	exon9	c.A1394C	p.E465A	0,005467	6.92E-­‐124
3	subclonal	chr20	60758643	SLCO4A1	nonsynonymous_SNV	T	C	het	NA	NA	0,249	0	NM_016354	exon2	c.T392C	p.L131P	0,104418	<1e-­‐200
3	subclonal	chr7	122125125	RNF133	nonsynonymous_SNV	C	T	het	NA	NA	0,282	0,99	NM_139175	exon1	c.G1084A	p.D362N	0,084841	<1e-­‐200
3	subclonal	chr7	12376843	VWDE	nonsynonymous_SNV	T	C	het	NA	NA	NA	NA	NM_001135924	exon11	c.A1760G	p.N587S	0	NA
3	subclonal	chr1	53099031	ZYG11A	nonsynonymous_SNV	T	C	het	NA	NA	NA	0	NM_001004339	exon4	c.T1049C	p.L350P	0,093344	<1e-­‐200
3	subclonal	chr11	16090041	SOX6	nonsynonymous_SNV	T	C	het	NA	NA	0,997	0,09	NM_033326	exon7	c.A782G	p.Q261R	0,086646	<1e-­‐200
3	subclonal	chr7	100321976	SRRT	nonsynonymous_SNV	C	T	het	NA	NA	0,973	0,09	NM_001128852	exon13	c.C1628T	p.T543M	0,099726	<1e-­‐200
3	subclonal	chr14	22914721	IL25	nonsynonymous_SNV	G	A	het	NA	NA	0,999	0,02	NM_022789	exon2	c.G326A	p.R109H	0,007931	2.76E-­‐142
3	subclonal	chr15	43489907	SPATA5L1	nonsynonymous_SNV	T	A	het	NA	NA	0,047	0,16	NM_024063	exon3	c.T1321A	p.F441I	0,011479	<1e-­‐200
3	subclonal	chr3	120808478	PLA1A	nonsynonymous_SNV	A	G	het	NA	NA	0,302	0,07	NM_015900	exon2	c.A241G	p.T81A	0,004006	1.73E-­‐97
3	subclonal	chr18	11871066	GNAL	nonsynonymous_SNV	C	T	het	NA	NA	1	0	NM_001142339	exon13	c.C1078T	p.R360C	0,004208	7.06E-­‐34
3	subclonal	chr7	41971580	GLI3	nonsynonymous_SNV	T	C	het	NA	NA	0,852	NA	NM_000168	exon15	c.A3616G	p.R1206G	0	NA
3	subclonal	chrX	69395559	P2RY4	nonsynonymous_SNV	A	G	het	NA	NA	0,684	0,04	NM_002565	exon1	c.T641C	p.L214P	0,000197	0,047957741
3	subclonal	chr19	11188971	DOCK6	nonsynonymous_SNV	A	G	het	NA	NA	NA	0,33	NM_020812	exon29	c.T3647C	p.M1216T	0,0626	<1e-­‐200
3	subclonal	chrX	123482090	TENM1	nonsynonymous_SNV	C	A	het	NA	NA	0,998	0	NM_014253	exon18	c.G3259T	p.D1087Y	0,089159	<1e-­‐200
3	subclonal	chr5	134137345	DDX46	nonsynonymous_SNV	T	C	het	NA	NA	0,994	0,02	NM_014829	exon5	c.T508C	p.W170R	0,095438	<1e-­‐200
2	subclonal	chr17	7231067	TNK1	nonsynonymous_SNV	C	T	het	NA	NA	NA	0	NM_001251902	exon9	c.C1282T	p.R428C	0,159966	<1e-­‐200
2	subclonal	chr6	33050317	BRD2	nonsynonymous_SNV	G	C	het	NA	NA	0,78105	0,01	NM_005104	exon3	c.G130C	p.E44Q	0,095415	<1e-­‐200
2	subclonal	chr7	150400015	SLC4A2	nonsynonymous_SNV	C	G	het	NA	NA	0,093	0,74	NM_001199694	exon15	c.C2352G	p.F784L	0,088739	<1e-­‐200
2	subclonal	chr15	26062976	HERC2	nonsynonymous_SNV	C	T	het	NA	NA	0,991	0,26	NM_004667	exon73	c.G11141A	p.G3714D	0,115083	<1e-­‐200
2	subclonal	chr1	166332960	GPR161	nonsynonymous_SNV	T	G	het	NA	NA	0,993	0,32	NM_001267614	exon2	c.A167C	p.E56A	0,138255	<1e-­‐200
2	subclonal	chrX	22201366	ZNF645	nonsynonymous_SNV	A	G	het	NA	NA	0,08	0,01	NM_152577	exon1	c.A337G	p.M113V	0,093699	<1e-­‐200
2	subclonal	chr16	69122280	SF3B3	nonsynonymous_SNV	T	C	het	NA	NA	0,97	0,05	NM_012426	exon4	c.T529C	p.F177L	0,089595	<1e-­‐200
2	subclonal	chr20	54379078	AURKA	nonsynonymous_SNV	A	G	het	NA	AURKA	0,915	0	NM_198436	exon9	c.T899C	p.M300T	0,099276	<1e-­‐200
2	subclonal	chr14	23711815	REC8	nonsynonymous_SNV	A	G	het	NA	NA	0,825	0,08	NM_005132	exon3	c.A110G	p.N37S	0,090238	<1e-­‐200
2	subclonal	chr16	15057262	NTAN1	nonsynonymous_SNV	T	C	het	NA	NA	0,999	0,06	NM_173474	exon1	c.A68G	p.H23R	0,057895	7.66E-­‐38
2	subclonal	chr17	75423657	CBX4	nonsynonymous_SNV	G	A	het	NA	CBX4	0,999	0	NM_003655	exon5	c.C379T	p.H127Y	0,001294	4.99E-­‐13
2	subclonal	chr19	59344082	CNOT3	nonsynonymous_SNV	A	G	het	NA	NA	0,668955	0,04	NM_014516	exon11	c.A1282G	p.S428G	0,076528	<1e-­‐200
2	subclonal	chr6	7318321	CAGE1	nonsynonymous_SNV	T	C	het	NA	NA	NA	0,36	NM_205864	exon4	c.A1322G	p.K441R	0,011791	<1e-­‐200
2	subclonal	chr11	102553504	DYNC2H1	nonsynonymous_SNV	G	A	het	NA	NA	NA	NA	NM_001377	exon38	c.G5884A	p.A1962T	0,010095	<1e-­‐200
2	subclonal	chr2	167009678	SCN7A	nonsynonymous_SNV	G	T	het	NA	NA	NA	NA	NM_002976	exon12	c.C1466A	p.P489H	0	NA
2	subclonal	chr21	30724762	KRTAP13-­‐4	nonsynonymous_SNV	A	G	het	NA	NA	1	0	NM_181600	exon1	c.A298G	p.R100G	9,9E-05	0,080460844
2	subclonal	chr15	40952124	TTBK2	nonsynonymous_SNV	A	G	het	NA	NA	0,927	0,1	NM_173500	exon3	c.T194C	p.V65A	0	NA
2	subclonal	chr17	65640950	KCNJ16	nonsynonymous_SNV	C	T	het	NA	NA	0,303	0,21	NM_001270422	exon6	c.C1127T	p.A376V	0	NA
2	subclonal	chr6	42820873	TBCC	nonsynonymous_SNV	G	A	het	NA	NA	1	0,01	NM_003192	exon1	c.C917T	p.S306F	0,000243	NA
2	subclonal	chr15	88411840	ZNF710	nonsynonymous_SNV	T	C	het	NA	NA	0,004	0	NM_198526	exon2	c.T467C	p.V156A	0	NA
2	subclonal	chr8	70748004	SLCO5A1	nonsynonymous_SNV	A	G	het	NA	NA	0,999	0,16	NM_030958	exon10	c.T2201C	p.F734S	0	NA
2	subclonal	chr7	27823155	TAX1BP1	nonsynonymous_SNV	T	A	het	NA	NA	0,99	NA	NM_006024	exon15	c.T2058A	p.D686E	0	NA
2	subclonal	chr6	31887710	HSPA1L	nonsynonymous_SNV	T	C	het	NA	NA	0	0	NM_005527	exon2	c.A19G	p.I7V	0	NA
2	subclonal	chr18	6938500	LAMA1	nonsynonymous_SNV	A	G	het	NA	NA	0,974	0,16	NM_005559	exon60	c.T8612C	p.L2871P	0	NA
2	subclonal	chr6	28466767	ZSCAN12	nonsynonymous_SNV	A	G	het	NA	NA	NA	0,01	NM_001163391	exon4	c.T1279C	p.S427P	0	NA
2	subclonal	chr17	32586770	ACACA	nonsynonymous_SNV	T	C	het	NA	NA	0,838	0,33	NM_198834	exon43	c.A5395G	p.S1799G	0,00022	0,043662191
2	subclonal	chr6	99390705	POU3F2	nonsynonymous_SNV	T	C	het	NA	NA	0,996	0	NM_005604	exon1	c.T1235C	p.M412T	0	NA
2	subclonal	chr5	145611530	RBM27	nonsynonymous_SNV	C	T	het	NA	NA	0,793	0	NM_018989	exon9	c.C1343T	p.P448L	0	NA
2	subclonal	chr14	92755443	UBR7	nonsynonymous_SNV	A	G	het	NA	NA	0,73	0,06	NM_175748	exon8	c.A943G	p.T315A	0,000123	0,069184657
2	subclonal	chr3	58495200	ACOX2	nonsynonymous_SNV	C	T	het	NA	NA	0	0,33	NM_003500	exon3	c.G250A	p.A84T	0,00019	0,049284686
2	subclonal	chr11	85123211	SYTL2	nonsynonymous_SNV	G	A	het	NA	NA	0,535681	0	NM_032943	exon7	c.C806T	p.P269L	0,000271	0,002702989
2	subclonal	chr9	79236100	GNA14	nonsynonymous_SNV	C	T	het	NA	GNA14	0,998	0	NM_004297	exon4	c.G550A	p.G184S	0,000269	0,002700196
2	subclonal	chr6	43720925	RSPH9	nonsynonymous_SNV	G	A	het	NA	NA	0,009	0,24	NM_001193341	exon1	c.G112A	p.D38N	0	NA
2	subclonal	chr2	134915832	MGAT5	nonsynonymous_SNV	C	A	het	NA	NA	0,813	0,29	NM_002410	exon15	c.C1903A	p.L635I	0,00464	2.63E-­‐43
2	subclonal	chr15	32142634	CHRM5	nonsynonymous_SNV	C	T	het	p.R142C	CHRM5	1	0	NM_012125	exon3	c.C424T	p.R142C	0,01063	1.63E-­‐167
2	subclonal	chr14	23678497	EMC9	nonsynonymous_SNV	T	C	het	NA	NA	0,989	0,25	NM_016049	exon5	c.A352G	p.N118D	0,005144	3.13E-­‐120
2	subclonal	chr5	39170767	FYB	nonsynonymous_SNV	C	T	het	NA	NA	NA	NA	NM_199335	exon8	c.G1622A	p.R541H	0,004064	3.79E-­‐72
2	subclonal	chr11	129245178	NFRKB	nonsynonymous_SNV	C	A	het	NA	NA	0,991	0,11	NM_001143835	exon24	c.G2952T	p.Q984H	0,003068	4.48E-­‐58
2	subclonal	chr15	43036445	C15orf43	nonsynonymous_SNV	G	A	het	NA	NA	0,812	0	NM_152448	exon2	c.G124A	p.A42T	0,000164	0,05563136
2	subclonal	chr3	31596325	STT3B	nonsynonymous_SNV	A	G	het	NA	NA	0,009	0,07	NM_178862	exon3	c.A444G	p.I148M	0	NA
2	subclonal	chr3	158245950	LEKR1	nonsynonymous_SNV	C	T	het	NA	NA	0,63	0,21	NM_001004316	exon13	c.C1796T	p.P599L	0,003457	7.28E-­‐62
2	subclonal	chr19	7598245	XAB2	nonsynonymous_SNV	C	T	het	NA	NA	0,742	0	NM_020196	exon4	c.G406A	p.A136T	0,002758	2.46E-­‐86
2	subclonal	chr11	44245705	ALX4	nonsynonymous_SNV	C	T	het	NA	NA	0,999	0	NM_021926	exon3	c.G821A	p.R274H	0,000252	0,003016664
2	subclonal	chr11	7937993	NLRP10	nonsynonymous_SNV	A	G	het	NA	NA	0,662	0,03	NM_176821	exon2	c.T1742C	p.M581T	0	NA
2	subclonal	chr11	93446151	HEPHL1	nonsynonymous_SNV	A	G	het	NA	NA	NA	NA	NM_001098672	exon8	c.A1402G	p.T468A	0	NA
2	subclonal	chr1	168381957	METTL11B	nonsynonymous_SNV	A	G	het	NA	NA	NA	0,56	NM_001136107	exon1	c.A85G	p.I29V	0	NA
2	subclonal	chr19	48914954	IRGC	nonsynonymous_SNV	A	G	het	NA	NA	0,999	0	NM_019612	exon2	c.A404G	p.D135G	0	NA
2	subclonal	chrX	67854334	STARD8	nonsynonymous_SNV	T	C	het	NA	NA	0	0,12	NM_014725	exon5	c.T613C	p.S205P	0	NA
2	subclonal	chr12	112182630	TPCN1	nonsynonymous_SNV	C	A	het	NA	NA	0,067	NA	NM_017901	exon3	c.C187A	p.P63T	0	NA
2	subclonal	chr16	31342719	ITGAD	nonsynonymous_SNV	G	A	het	NA	NA	0	1	NM_005353	exon27	c.G3098A	p.S1033N	0,000609	9.80E-­‐07
2	subclonal	chr1	152017273	SLC27A3	nonsynonymous_SNV	C	T	het	NA	NA	0,057	0,17	NM_024330	exon5	c.C1315T	p.R439C	0,000295	0,002292157
2	subclonal	chr22	43974435	KIAA0930	nonsynonymous_SNV	C	T	het	NA	NA	0,87	0,36	NM_015264	exon8	c.G1013A	p.R338Q	0	NA
2	subclonal	chr3	187782498	DNAJB11	nonsynonymous_SNV	C	T	het	NA	NA	0,005	0,16	NM_016306	exon6	c.C620T	p.T207M	9,3E-05	0,083784775
2	subclonal	chr6	30655688	ABCF1	nonsynonymous_SNV	C	T	het	NA	NA	0,471	0,06	NM_001025091	exon7	c.C491T	p.A164V	0	NA
2	subclonal	chr11	6607914	DCHS1	nonsynonymous_SNV	C	T	het	NA	NA	0	0,42	NM_003737	exon10	c.G4687A	p.A1563T	0	NA
2	subclonal	chr3	185573071	THPO	nonsynonymous_SNV	G	A	het	NA	NA	0,036	0,26	NM_001177597	exon6	c.C974T	p.A325V	0	NA
2	subclonal	chr21	15261541	NRIP1	nonsynonymous_SNV	C	T	het	NA	NA	0,98	0,08	NM_003489	exon4	c.G844A	p.E282K	0,000132	0,065547296
2	subclonal	chr5	71792719	ZNF366	nonsynonymous_SNV	G	A	het	NA	NA	0,97	0	NM_152625	exon2	c.C361T	p.R121C	0,000373	0,000150196
2	subclonal	chrX	53449158	SMC1A	nonsynonymous_SNV	G	A	het	NA	NA	1	0	NM_006306	exon11	c.C1903T	p.R635C	0	NA
2	subclonal	chr19	56274650	KLK14	nonsynonymous_SNV	G	A	het	NA	NA	0,197	NA	NM_022046	exon5	c.C382T	p.L128F	0	NA
2	subclonal	chr1	195364270	ASPM	nonsynonymous_SNV	A	G	het	NA	NA	0,242	0,01	NM_001206846	exon10	c.T2909C	p.V970A	0	NA
2	subclonal	chr17	36760244	KRT33A	nonsynonymous_SNV	G	A	het	NA	NA	0	0,16	NM_004138	exon1	c.C302T	p.A101V	0	NA
2	subclonal	chrX	48724750	GRIPAP1	nonsynonymous_SNV	G	A	het	NA	NA	0,017	0,23	NM_020137	exon16	c.C1319T	p.T440M	0	NA
2	subclonal	chr1	247109204	ZNF672	nonsynonymous_SNV	C	T	het	NA	NA	0,289	0,89	NM_024836	exon4	c.C1108T	p.P370S	0	NA
